Customer_ID,Subscription_Plan,Monthly_MRR_USD,Billing_Date,Signup_Date
CUST-1000,Enterprise,299,2025-10-04,2025-10-04
CUST-1000,Enterprise,299,2025-11-03,2025-10-04
CUST-1001,Starter,29,2025-01-17,2025-01-17
CUST-1001,Starter,29,2025-02-16,2025-01-17
CUST-1001,Starter,29,2025-03-18,2025-01-17
CUST-1001,Starter,29,2025-04-17,2025-01-17
CUST-1001,Starter,29,2025-05-17,2025-01-17
CUST-1001,Starter,29,2025-06-16,2025-01-17
CUST-1001,Starter,29,2025-07-16,2025-01-17
CUST-1001,Starter,29,2025-08-15,2025-01-17
CUST-1002,Professional,99,2025-08-05,2025-08-05
CUST-1002,Professional,99,2025-09-04,2025-08-05
CUST-1002,Professional,99,2025-10-04,2025-08-05
CUST-1002,Professional,99,2025-11-03,2025-08-05
CUST-1003,Starter,29,2025-05-07,2025-05-07
CUST-1003,Starter,29,2025-06-06,2025-05-07
CUST-1003,Starter,29,2025-07-06,2025-05-07
CUST-1004,Professional,99,2025-06-06,2025-06-06
CUST-1004,Professional,99,2025-07-06,2025-06-06
CUST-1004,Professional,99,2025-08-05,2025-06-06
CUST-1004,Professional,99,2025-09-04,2025-06-06
CUST-1004,Professional,99,2025-10-04,2025-06-06
CUST-1005,Professional,99,2025-11-09,2025-11-09
CUST-1005,Professional,99,2025-12-09,2025-11-09
CUST-1006,Starter,29,2025-08-08,2025-08-08
CUST-1006,Starter,29,2025-09-07,2025-08-08
CUST-1006,Starter,29,2025-10-07,2025-08-08
CUST-1007,Enterprise,299,2025-11-07,2025-11-07
CUST-1007,Enterprise,299,2025-12-07,2025-11-07
CUST-1008,Starter,29,2025-07-12,2025-07-12
CUST-1008,Starter,29,2025-08-11,2025-07-12
CUST-1008,Starter,29,2025-09-10,2025-07-12
CUST-1008,Starter,29,2025-10-10,2025-07-12
CUST-1008,Starter,29,2025-11-09,2025-07-12
CUST-1009,Starter,29,2025-12-10,2025-12-10
CUST-1010,Professional,99,2025-09-01,2025-09-01
CUST-1010,Professional,99,2025-10-01,2025-09-01
CUST-1010,Professional,99,2025-10-31,2025-09-01
CUST-1010,Professional,99,2025-11-30,2025-09-01
CUST-1011,Starter,29,2025-12-08,2025-12-08
CUST-1012,Starter,29,2025-01-14,2025-01-14
CUST-1013,Enterprise,299,2025-07-11,2025-07-11
CUST-1013,Enterprise,299,2025-08-10,2025-07-11
CUST-1013,Enterprise,299,2025-09-09,2025-07-11
CUST-1013,Enterprise,299,2025-10-09,2025-07-11
CUST-1014,Professional,99,2025-08-15,2025-08-15
CUST-1014,Professional,99,2025-09-14,2025-08-15
CUST-1014,Professional,99,2025-10-14,2025-08-15
CUST-1014,Professional,99,2025-11-13,2025-08-15
CUST-1015,Enterprise,299,2025-12-13,2025-12-13
CUST-1016,Enterprise,299,2025-02-01,2025-02-01
CUST-1016,Enterprise,299,2025-03-03,2025-02-01
CUST-1016,Enterprise,299,2025-04-02,2025-02-01
CUST-1016,Enterprise,299,2025-05-02,2025-02-01
CUST-1016,Enterprise,299,2025-06-01,2025-02-01
CUST-1016,Enterprise,299,2025-07-01,2025-02-01
CUST-1016,Enterprise,299,2025-07-31,2025-02-01
CUST-1016,Enterprise,299,2025-08-30,2025-02-01
CUST-1016,Enterprise,299,2025-09-29,2025-02-01
CUST-1016,Enterprise,299,2025-10-29,2025-02-01
CUST-1016,Enterprise,299,2025-11-28,2025-02-01
CUST-1017,Enterprise,299,2025-02-19,2025-02-19
CUST-1017,Enterprise,299,2025-03-21,2025-02-19
CUST-1017,Enterprise,299,2025-04-20,2025-02-19
CUST-1017,Enterprise,299,2025-05-20,2025-02-19
CUST-1017,Enterprise,299,2025-06-19,2025-02-19
CUST-1017,Enterprise,299,2025-07-19,2025-02-19
CUST-1018,Starter,29,2025-11-02,2025-11-02
CUST-1018,Starter,29,2025-12-02,2025-11-02
CUST-1019,Starter,29,2025-03-04,2025-03-04
CUST-1019,Starter,29,2025-04-03,2025-03-04
CUST-1019,Starter,29,2025-05-03,2025-03-04
CUST-1019,Starter,29,2025-06-02,2025-03-04
CUST-1019,Starter,29,2025-07-02,2025-03-04
CUST-1019,Starter,29,2025-08-01,2025-03-04
CUST-1020,Starter,29,2025-07-02,2025-07-02
CUST-1020,Starter,29,2025-08-01,2025-07-02
CUST-1020,Starter,29,2025-08-31,2025-07-02
CUST-1020,Starter,29,2025-09-30,2025-07-02
CUST-1020,Starter,29,2025-10-30,2025-07-02
CUST-1020,Starter,29,2025-11-29,2025-07-02
CUST-1021,Starter,29,2025-06-14,2025-06-14
CUST-1021,Starter,29,2025-07-14,2025-06-14
CUST-1021,Starter,29,2025-08-13,2025-06-14
CUST-1022,Professional,99,2025-06-02,2025-06-02
CUST-1022,Professional,99,2025-07-02,2025-06-02
CUST-1022,Professional,99,2025-08-01,2025-06-02
CUST-1022,Professional,99,2025-08-31,2025-06-02
CUST-1022,Professional,99,2025-09-30,2025-06-02
CUST-1022,Professional,99,2025-10-30,2025-06-02
CUST-1023,Professional,99,2025-08-05,2025-08-05
CUST-1023,Professional,99,2025-09-04,2025-08-05
CUST-1024,Professional,99,2025-04-04,2025-04-04
CUST-1024,Professional,99,2025-05-04,2025-04-04
CUST-1024,Professional,99,2025-06-03,2025-04-04
CUST-1024,Professional,99,2025-07-03,2025-04-04
CUST-1024,Professional,99,2025-08-02,2025-04-04
CUST-1025,Enterprise,299,2025-01-01,2025-01-01
CUST-1025,Enterprise,299,2025-01-31,2025-01-01
CUST-1025,Enterprise,299,2025-03-02,2025-01-01
CUST-1025,Enterprise,299,2025-04-01,2025-01-01
CUST-1025,Enterprise,299,2025-05-01,2025-01-01
CUST-1025,Enterprise,299,2025-05-31,2025-01-01
CUST-1025,Enterprise,299,2025-06-30,2025-01-01
CUST-1025,Enterprise,299,2025-07-30,2025-01-01
CUST-1025,Enterprise,299,2025-08-29,2025-01-01
CUST-1025,Enterprise,299,2025-09-28,2025-01-01
CUST-1025,Enterprise,299,2025-10-28,2025-01-01
CUST-1026,Starter,29,2025-11-15,2025-11-15
CUST-1027,Enterprise,299,2025-05-16,2025-05-16
CUST-1027,Enterprise,299,2025-06-15,2025-05-16
CUST-1027,Enterprise,299,2025-07-15,2025-05-16
CUST-1028,Professional,99,2025-09-08,2025-09-08
CUST-1029,Enterprise,299,2025-05-12,2025-05-12
CUST-1029,Enterprise,299,2025-06-11,2025-05-12
CUST-1029,Enterprise,299,2025-07-11,2025-05-12
CUST-1029,Enterprise,299,2025-08-10,2025-05-12
CUST-1029,Enterprise,299,2025-09-09,2025-05-12
CUST-1029,Enterprise,299,2025-10-09,2025-05-12
CUST-1029,Enterprise,299,2025-11-08,2025-05-12
CUST-1030,Starter,29,2025-07-20,2025-07-20
CUST-1030,Starter,29,2025-08-19,2025-07-20
CUST-1030,Starter,29,2025-09-18,2025-07-20
CUST-1030,Starter,29,2025-10-18,2025-07-20
CUST-1030,Starter,29,2025-11-17,2025-07-20
CUST-1030,Starter,29,2025-12-17,2025-07-20
CUST-1031,Starter,29,2025-02-06,2025-02-06
CUST-1031,Starter,29,2025-03-08,2025-02-06
CUST-1031,Starter,29,2025-04-07,2025-02-06
CUST-1031,Starter,29,2025-05-07,2025-02-06
CUST-1031,Starter,29,2025-06-06,2025-02-06
CUST-1031,Starter,29,2025-07-06,2025-02-06
CUST-1032,Professional,99,2025-06-03,2025-06-03
CUST-1032,Professional,99,2025-07-03,2025-06-03
CUST-1032,Professional,99,2025-08-02,2025-06-03
CUST-1033,Enterprise,299,2025-04-12,2025-04-12
CUST-1033,Enterprise,299,2025-05-12,2025-04-12
CUST-1033,Enterprise,299,2025-06-11,2025-04-12
CUST-1033,Enterprise,299,2025-07-11,2025-04-12
CUST-1033,Enterprise,299,2025-08-10,2025-04-12
CUST-1033,Enterprise,299,2025-09-09,2025-04-12
CUST-1033,Enterprise,299,2025-10-09,2025-04-12
CUST-1033,Enterprise,299,2025-11-08,2025-04-12
CUST-1034,Professional,99,2025-04-05,2025-04-05
CUST-1034,Professional,99,2025-05-05,2025-04-05
CUST-1034,Professional,99,2025-06-04,2025-04-05
CUST-1034,Professional,99,2025-07-04,2025-04-05
CUST-1034,Professional,99,2025-08-03,2025-04-05
CUST-1034,Professional,99,2025-09-02,2025-04-05
CUST-1035,Enterprise,299,2025-05-10,2025-05-10
CUST-1035,Enterprise,299,2025-06-09,2025-05-10
CUST-1036,Professional,99,2025-04-15,2025-04-15
CUST-1036,Professional,99,2025-05-15,2025-04-15
CUST-1036,Professional,99,2025-06-14,2025-04-15
CUST-1036,Professional,99,2025-07-14,2025-04-15
CUST-1036,Professional,99,2025-08-13,2025-04-15
CUST-1037,Professional,99,2025-01-19,2025-01-19
CUST-1037,Professional,99,2025-02-18,2025-01-19
CUST-1037,Professional,99,2025-03-20,2025-01-19
CUST-1037,Professional,99,2025-04-19,2025-01-19
CUST-1037,Professional,99,2025-05-19,2025-01-19
CUST-1037,Professional,99,2025-06-18,2025-01-19
CUST-1037,Professional,99,2025-07-18,2025-01-19
CUST-1037,Professional,99,2025-08-17,2025-01-19
CUST-1037,Professional,99,2025-09-16,2025-01-19
CUST-1037,Professional,99,2025-10-16,2025-01-19
CUST-1037,Professional,99,2025-11-15,2025-01-19
CUST-1038,Professional,99,2025-07-31,2025-07-31
CUST-1038,Professional,99,2025-08-30,2025-07-31
CUST-1038,Professional,99,2025-09-29,2025-07-31
CUST-1038,Professional,99,2025-10-29,2025-07-31
CUST-1039,Enterprise,299,2025-01-15,2025-01-15
CUST-1039,Enterprise,299,2025-02-14,2025-01-15
CUST-1039,Enterprise,299,2025-03-16,2025-01-15
CUST-1039,Enterprise,299,2025-04-15,2025-01-15
CUST-1040,Professional,99,2025-01-14,2025-01-14
CUST-1040,Professional,99,2025-02-13,2025-01-14
CUST-1040,Professional,99,2025-03-15,2025-01-14
CUST-1040,Professional,99,2025-04-14,2025-01-14
CUST-1040,Professional,99,2025-05-14,2025-01-14
CUST-1040,Professional,99,2025-06-13,2025-01-14
CUST-1041,Starter,29,2025-08-19,2025-08-19
CUST-1041,Starter,29,2025-09-18,2025-08-19
CUST-1042,Starter,29,2025-10-18,2025-10-18
CUST-1042,Starter,29,2025-11-17,2025-10-18
CUST-1042,Starter,29,2025-12-17,2025-10-18
CUST-1043,Enterprise,299,2025-08-09,2025-08-09
CUST-1043,Enterprise,299,2025-09-08,2025-08-09
CUST-1043,Enterprise,299,2025-10-08,2025-08-09
CUST-1043,Enterprise,299,2025-11-07,2025-08-09
CUST-1044,Starter,29,2025-08-12,2025-08-12
CUST-1045,Enterprise,299,2025-06-06,2025-06-06
CUST-1045,Enterprise,299,2025-07-06,2025-06-06
CUST-1045,Enterprise,299,2025-08-05,2025-06-06
CUST-1045,Enterprise,299,2025-09-04,2025-06-06
CUST-1046,Enterprise,299,2025-04-07,2025-04-07
CUST-1046,Enterprise,299,2025-05-07,2025-04-07
CUST-1046,Enterprise,299,2025-06-06,2025-04-07
CUST-1047,Professional,99,2025-10-04,2025-10-04
CUST-1048,Starter,29,2025-09-14,2025-09-14
CUST-1048,Starter,29,2025-10-14,2025-09-14
CUST-1048,Starter,29,2025-11-13,2025-09-14
CUST-1049,Enterprise,299,2025-01-11,2025-01-11
CUST-1049,Enterprise,299,2025-02-10,2025-01-11
CUST-1049,Enterprise,299,2025-03-12,2025-01-11
CUST-1049,Enterprise,299,2025-04-11,2025-01-11
CUST-1049,Enterprise,299,2025-05-11,2025-01-11
CUST-1049,Enterprise,299,2025-06-10,2025-01-11
CUST-1049,Enterprise,299,2025-07-10,2025-01-11
CUST-1049,Enterprise,299,2025-08-09,2025-01-11
CUST-1049,Enterprise,299,2025-09-08,2025-01-11
CUST-1049,Enterprise,299,2025-10-08,2025-01-11
CUST-1049,Enterprise,299,2025-11-07,2025-01-11
CUST-1050,Starter,29,2025-03-05,2025-03-05
CUST-1050,Starter,29,2025-04-04,2025-03-05
CUST-1050,Starter,29,2025-05-04,2025-03-05
CUST-1050,Starter,29,2025-06-03,2025-03-05
CUST-1050,Starter,29,2025-07-03,2025-03-05
CUST-1050,Starter,29,2025-08-02,2025-03-05
CUST-1050,Starter,29,2025-09-01,2025-03-05
CUST-1051,Enterprise,299,2025-10-16,2025-10-16
CUST-1051,Enterprise,299,2025-11-15,2025-10-16
CUST-1051,Enterprise,299,2025-12-15,2025-10-16
CUST-1052,Professional,99,2025-09-30,2025-09-30
CUST-1053,Starter,29,2025-11-28,2025-11-28
CUST-1054,Professional,99,2025-02-09,2025-02-09
CUST-1054,Professional,99,2025-03-11,2025-02-09
CUST-1054,Professional,99,2025-04-10,2025-02-09
CUST-1055,Enterprise,299,2025-07-20,2025-07-20
CUST-1055,Enterprise,299,2025-08-19,2025-07-20
CUST-1055,Enterprise,299,2025-09-18,2025-07-20
CUST-1055,Enterprise,299,2025-10-18,2025-07-20
CUST-1055,Enterprise,299,2025-11-17,2025-07-20
CUST-1055,Enterprise,299,2025-12-17,2025-07-20
CUST-1056,Professional,99,2025-12-17,2025-12-17
CUST-1057,Starter,29,2025-05-13,2025-05-13
CUST-1057,Starter,29,2025-06-12,2025-05-13
CUST-1057,Starter,29,2025-07-12,2025-05-13
CUST-1057,Starter,29,2025-08-11,2025-05-13
CUST-1057,Starter,29,2025-09-10,2025-05-13
CUST-1058,Enterprise,299,2025-07-04,2025-07-04
CUST-1058,Enterprise,299,2025-08-03,2025-07-04
CUST-1059,Professional,99,2025-08-05,2025-08-05
CUST-1059,Professional,99,2025-09-04,2025-08-05
CUST-1059,Professional,99,2025-10-04,2025-08-05
CUST-1059,Professional,99,2025-11-03,2025-08-05
CUST-1060,Starter,29,2025-06-01,2025-06-01
CUST-1060,Starter,29,2025-07-01,2025-06-01
CUST-1060,Starter,29,2025-07-31,2025-06-01
CUST-1060,Starter,29,2025-08-30,2025-06-01
CUST-1060,Starter,29,2025-09-29,2025-06-01
CUST-1060,Starter,29,2025-10-29,2025-06-01
CUST-1061,Starter,29,2025-01-13,2025-01-13
CUST-1061,Starter,29,2025-02-12,2025-01-13
CUST-1061,Starter,29,2025-03-14,2025-01-13
CUST-1062,Enterprise,299,2025-12-17,2025-12-17
CUST-1063,Starter,29,2025-10-06,2025-10-06
CUST-1063,Starter,29,2025-11-05,2025-10-06
CUST-1064,Enterprise,299,2025-02-05,2025-02-05
CUST-1064,Enterprise,299,2025-03-07,2025-02-05
CUST-1065,Starter,29,2025-01-13,2025-01-13
CUST-1065,Starter,29,2025-02-12,2025-01-13
CUST-1065,Starter,29,2025-03-14,2025-01-13
CUST-1065,Starter,29,2025-04-13,2025-01-13
CUST-1065,Starter,29,2025-05-13,2025-01-13
CUST-1065,Starter,29,2025-06-12,2025-01-13
CUST-1065,Starter,29,2025-07-12,2025-01-13
CUST-1066,Starter,29,2025-01-13,2025-01-13
CUST-1066,Starter,29,2025-02-12,2025-01-13
CUST-1066,Starter,29,2025-03-14,2025-01-13
CUST-1066,Starter,29,2025-04-13,2025-01-13
CUST-1066,Starter,29,2025-05-13,2025-01-13
CUST-1066,Starter,29,2025-06-12,2025-01-13
CUST-1066,Starter,29,2025-07-12,2025-01-13
CUST-1066,Starter,29,2025-08-11,2025-01-13
CUST-1066,Starter,29,2025-09-10,2025-01-13
CUST-1066,Starter,29,2025-10-10,2025-01-13
CUST-1067,Professional,99,2025-02-05,2025-02-05
CUST-1067,Professional,99,2025-03-07,2025-02-05
CUST-1067,Professional,99,2025-04-06,2025-02-05
CUST-1067,Professional,99,2025-05-06,2025-02-05
CUST-1067,Professional,99,2025-06-05,2025-02-05
CUST-1067,Professional,99,2025-07-05,2025-02-05
CUST-1067,Professional,99,2025-08-04,2025-02-05
CUST-1067,Professional,99,2025-09-03,2025-02-05
CUST-1067,Professional,99,2025-10-03,2025-02-05
CUST-1067,Professional,99,2025-11-02,2025-02-05
CUST-1067,Professional,99,2025-12-02,2025-02-05
CUST-1068,Enterprise,299,2025-05-12,2025-05-12
CUST-1068,Enterprise,299,2025-06-11,2025-05-12
CUST-1068,Enterprise,299,2025-07-11,2025-05-12
CUST-1069,Starter,29,2025-05-13,2025-05-13
CUST-1069,Starter,29,2025-06-12,2025-05-13
CUST-1069,Starter,29,2025-07-12,2025-05-13
CUST-1069,Starter,29,2025-08-11,2025-05-13
CUST-1069,Starter,29,2025-09-10,2025-05-13
CUST-1069,Starter,29,2025-10-10,2025-05-13
CUST-1069,Starter,29,2025-11-09,2025-05-13
CUST-1069,Starter,29,2025-12-09,2025-05-13
CUST-1070,Professional,99,2025-11-12,2025-11-12
CUST-1070,Professional,99,2025-12-12,2025-11-12
CUST-1071,Starter,29,2025-08-30,2025-08-30
CUST-1071,Starter,29,2025-09-29,2025-08-30
CUST-1071,Starter,29,2025-10-29,2025-08-30
CUST-1071,Starter,29,2025-11-28,2025-08-30
CUST-1072,Professional,99,2025-12-12,2025-12-12
CUST-1073,Starter,29,2025-10-07,2025-10-07
CUST-1073,Starter,29,2025-11-06,2025-10-07
CUST-1074,Professional,99,2025-04-05,2025-04-05
CUST-1074,Professional,99,2025-05-05,2025-04-05
CUST-1074,Professional,99,2025-06-04,2025-04-05
CUST-1074,Professional,99,2025-07-04,2025-04-05
CUST-1074,Professional,99,2025-08-03,2025-04-05
CUST-1074,Professional,99,2025-09-02,2025-04-05
CUST-1074,Professional,99,2025-10-02,2025-04-05
CUST-1075,Professional,99,2025-02-19,2025-02-19
CUST-1075,Professional,99,2025-03-21,2025-02-19
CUST-1075,Professional,99,2025-04-20,2025-02-19
CUST-1076,Professional,99,2025-01-15,2025-01-15
CUST-1076,Professional,99,2025-02-14,2025-01-15
CUST-1076,Professional,99,2025-03-16,2025-01-15
CUST-1076,Professional,99,2025-04-15,2025-01-15
CUST-1076,Professional,99,2025-05-15,2025-01-15
CUST-1076,Professional,99,2025-06-14,2025-01-15
CUST-1076,Professional,99,2025-07-14,2025-01-15
CUST-1076,Professional,99,2025-08-13,2025-01-15
CUST-1076,Professional,99,2025-09-12,2025-01-15
CUST-1076,Professional,99,2025-10-12,2025-01-15
CUST-1077,Enterprise,299,2025-03-04,2025-03-04
CUST-1077,Enterprise,299,2025-04-03,2025-03-04
CUST-1077,Enterprise,299,2025-05-03,2025-03-04
CUST-1077,Enterprise,299,2025-06-02,2025-03-04
CUST-1077,Enterprise,299,2025-07-02,2025-03-04
CUST-1077,Enterprise,299,2025-08-01,2025-03-04
CUST-1077,Enterprise,299,2025-08-31,2025-03-04
CUST-1077,Enterprise,299,2025-09-30,2025-03-04
CUST-1077,Enterprise,299,2025-10-30,2025-03-04
CUST-1077,Enterprise,299,2025-11-29,2025-03-04
CUST-1078,Enterprise,299,2025-12-14,2025-12-14
CUST-1079,Starter,29,2025-12-10,2025-12-10
CUST-1080,Starter,29,2025-06-18,2025-06-18
CUST-1080,Starter,29,2025-07-18,2025-06-18
CUST-1081,Enterprise,299,2025-12-02,2025-12-02
CUST-1082,Enterprise,299,2025-09-16,2025-09-16
CUST-1082,Enterprise,299,2025-10-16,2025-09-16
CUST-1082,Enterprise,299,2025-11-15,2025-09-16
CUST-1082,Enterprise,299,2025-12-15,2025-09-16
CUST-1083,Enterprise,299,2025-09-16,2025-09-16
CUST-1083,Enterprise,299,2025-10-16,2025-09-16
CUST-1083,Enterprise,299,2025-11-15,2025-09-16
CUST-1083,Enterprise,299,2025-12-15,2025-09-16
CUST-1084,Enterprise,299,2025-03-03,2025-03-03
CUST-1084,Enterprise,299,2025-04-02,2025-03-03
CUST-1085,Starter,29,2025-02-19,2025-02-19
CUST-1085,Starter,29,2025-03-21,2025-02-19
CUST-1085,Starter,29,2025-04-20,2025-02-19
CUST-1085,Starter,29,2025-05-20,2025-02-19
CUST-1085,Starter,29,2025-06-19,2025-02-19
CUST-1085,Starter,29,2025-07-19,2025-02-19
CUST-1085,Starter,29,2025-08-18,2025-02-19
CUST-1085,Starter,29,2025-09-17,2025-02-19
CUST-1086,Starter,29,2025-03-06,2025-03-06
CUST-1086,Starter,29,2025-04-05,2025-03-06
CUST-1087,Starter,29,2025-07-31,2025-07-31
CUST-1087,Starter,29,2025-08-30,2025-07-31
CUST-1087,Starter,29,2025-09-29,2025-07-31
CUST-1087,Starter,29,2025-10-29,2025-07-31
CUST-1088,Starter,29,2025-10-06,2025-10-06
CUST-1089,Starter,29,2025-06-01,2025-06-01
CUST-1089,Starter,29,2025-07-01,2025-06-01
CUST-1089,Starter,29,2025-07-31,2025-06-01
CUST-1090,Starter,29,2025-03-15,2025-03-15
CUST-1090,Starter,29,2025-04-14,2025-03-15
CUST-1090,Starter,29,2025-05-14,2025-03-15
CUST-1090,Starter,29,2025-06-13,2025-03-15
CUST-1090,Starter,29,2025-07-13,2025-03-15
CUST-1091,Enterprise,299,2025-06-04,2025-06-04
CUST-1091,Enterprise,299,2025-07-04,2025-06-04
CUST-1091,Enterprise,299,2025-08-03,2025-06-04
CUST-1091,Enterprise,299,2025-09-02,2025-06-04
CUST-1091,Enterprise,299,2025-10-02,2025-06-04
CUST-1091,Enterprise,299,2025-11-01,2025-06-04
CUST-1091,Enterprise,299,2025-12-01,2025-06-04
CUST-1092,Enterprise,299,2025-06-07,2025-06-07
CUST-1092,Enterprise,299,2025-07-07,2025-06-07
CUST-1092,Enterprise,299,2025-08-06,2025-06-07
CUST-1092,Enterprise,299,2025-09-05,2025-06-07
CUST-1092,Enterprise,299,2025-10-05,2025-06-07
CUST-1092,Enterprise,299,2025-11-04,2025-06-07
CUST-1093,Starter,29,2025-09-11,2025-09-11
CUST-1093,Starter,29,2025-10-11,2025-09-11
CUST-1093,Starter,29,2025-11-10,2025-09-11
CUST-1093,Starter,29,2025-12-10,2025-09-11
CUST-1094,Professional,99,2025-11-27,2025-11-27
CUST-1095,Starter,29,2025-03-10,2025-03-10
CUST-1095,Starter,29,2025-04-09,2025-03-10
CUST-1095,Starter,29,2025-05-09,2025-03-10
CUST-1095,Starter,29,2025-06-08,2025-03-10
CUST-1095,Starter,29,2025-07-08,2025-03-10
CUST-1095,Starter,29,2025-08-07,2025-03-10
CUST-1095,Starter,29,2025-09-06,2025-03-10
CUST-1095,Starter,29,2025-10-06,2025-03-10
CUST-1096,Starter,29,2025-04-05,2025-04-05
CUST-1096,Starter,29,2025-05-05,2025-04-05
CUST-1096,Starter,29,2025-06-04,2025-04-05
CUST-1097,Professional,99,2025-06-30,2025-06-30
CUST-1098,Enterprise,299,2025-09-17,2025-09-17
CUST-1098,Enterprise,299,2025-10-17,2025-09-17
CUST-1098,Enterprise,299,2025-11-16,2025-09-17
CUST-1098,Enterprise,299,2025-12-16,2025-09-17
CUST-1099,Enterprise,299,2025-09-30,2025-09-30
CUST-1099,Enterprise,299,2025-10-30,2025-09-30
CUST-1099,Enterprise,299,2025-11-29,2025-09-30
CUST-1100,Starter,29,2025-11-06,2025-11-06
CUST-1101,Enterprise,299,2025-07-11,2025-07-11
CUST-1101,Enterprise,299,2025-08-10,2025-07-11
CUST-1101,Enterprise,299,2025-09-09,2025-07-11
CUST-1101,Enterprise,299,2025-10-09,2025-07-11
CUST-1101,Enterprise,299,2025-11-08,2025-07-11
CUST-1101,Enterprise,299,2025-12-08,2025-07-11
CUST-1102,Professional,99,2025-12-13,2025-12-13
CUST-1103,Starter,29,2025-06-05,2025-06-05
CUST-1103,Starter,29,2025-07-05,2025-06-05
CUST-1103,Starter,29,2025-08-04,2025-06-05
CUST-1103,Starter,29,2025-09-03,2025-06-05
CUST-1103,Starter,29,2025-10-03,2025-06-05
CUST-1104,Professional,99,2025-05-15,2025-05-15
CUST-1104,Professional,99,2025-06-14,2025-05-15
CUST-1104,Professional,99,2025-07-14,2025-05-15
CUST-1105,Enterprise,299,2025-08-10,2025-08-10
CUST-1105,Enterprise,299,2025-09-09,2025-08-10
CUST-1105,Enterprise,299,2025-10-09,2025-08-10
CUST-1105,Enterprise,299,2025-11-08,2025-08-10
CUST-1105,Enterprise,299,2025-12-08,2025-08-10
CUST-1106,Starter,29,2025-07-31,2025-07-31
CUST-1106,Starter,29,2025-08-30,2025-07-31
CUST-1106,Starter,29,2025-09-29,2025-07-31
CUST-1106,Starter,29,2025-10-29,2025-07-31
CUST-1106,Starter,29,2025-11-28,2025-07-31
CUST-1107,Starter,29,2025-02-01,2025-02-01
CUST-1107,Starter,29,2025-03-03,2025-02-01
CUST-1107,Starter,29,2025-04-02,2025-02-01
CUST-1107,Starter,29,2025-05-02,2025-02-01
CUST-1107,Starter,29,2025-06-01,2025-02-01
CUST-1107,Starter,29,2025-07-01,2025-02-01
CUST-1107,Starter,29,2025-07-31,2025-02-01
CUST-1107,Starter,29,2025-08-30,2025-02-01
CUST-1107,Starter,29,2025-09-29,2025-02-01
CUST-1107,Starter,29,2025-10-29,2025-02-01
CUST-1107,Starter,29,2025-11-28,2025-02-01
CUST-1108,Starter,29,2025-07-09,2025-07-09
CUST-1109,Starter,29,2025-03-19,2025-03-19
CUST-1109,Starter,29,2025-04-18,2025-03-19
CUST-1109,Starter,29,2025-05-18,2025-03-19
CUST-1109,Starter,29,2025-06-17,2025-03-19
CUST-1109,Starter,29,2025-07-17,2025-03-19
CUST-1110,Professional,99,2025-09-14,2025-09-14
CUST-1110,Professional,99,2025-10-14,2025-09-14
CUST-1110,Professional,99,2025-11-13,2025-09-14
CUST-1111,Professional,99,2025-02-04,2025-02-04
CUST-1111,Professional,99,2025-03-06,2025-02-04
CUST-1111,Professional,99,2025-04-05,2025-02-04
CUST-1111,Professional,99,2025-05-05,2025-02-04
CUST-1112,Professional,99,2025-03-21,2025-03-21
CUST-1112,Professional,99,2025-04-20,2025-03-21
CUST-1112,Professional,99,2025-05-20,2025-03-21
CUST-1112,Professional,99,2025-06-19,2025-03-21
CUST-1112,Professional,99,2025-07-19,2025-03-21
CUST-1112,Professional,99,2025-08-18,2025-03-21
CUST-1112,Professional,99,2025-09-17,2025-03-21
CUST-1112,Professional,99,2025-10-17,2025-03-21
CUST-1113,Enterprise,299,2025-05-12,2025-05-12
CUST-1113,Enterprise,299,2025-06-11,2025-05-12
CUST-1113,Enterprise,299,2025-07-11,2025-05-12
CUST-1113,Enterprise,299,2025-08-10,2025-05-12
CUST-1113,Enterprise,299,2025-09-09,2025-05-12
CUST-1114,Enterprise,299,2025-07-16,2025-07-16
CUST-1114,Enterprise,299,2025-08-15,2025-07-16
CUST-1114,Enterprise,299,2025-09-14,2025-07-16
CUST-1114,Enterprise,299,2025-10-14,2025-07-16
CUST-1115,Starter,29,2025-07-01,2025-07-01
CUST-1115,Starter,29,2025-07-31,2025-07-01
CUST-1115,Starter,29,2025-08-30,2025-07-01
CUST-1115,Starter,29,2025-09-29,2025-07-01
CUST-1116,Starter,29,2025-04-11,2025-04-11
CUST-1116,Starter,29,2025-05-11,2025-04-11
CUST-1116,Starter,29,2025-06-10,2025-04-11
CUST-1117,Professional,99,2025-05-03,2025-05-03
CUST-1117,Professional,99,2025-06-02,2025-05-03
CUST-1117,Professional,99,2025-07-02,2025-05-03
CUST-1117,Professional,99,2025-08-01,2025-05-03
CUST-1117,Professional,99,2025-08-31,2025-05-03
CUST-1118,Enterprise,299,2025-05-31,2025-05-31
CUST-1118,Enterprise,299,2025-06-30,2025-05-31
CUST-1118,Enterprise,299,2025-07-30,2025-05-31
CUST-1119,Starter,29,2025-01-17,2025-01-17
CUST-1119,Starter,29,2025-02-16,2025-01-17
CUST-1119,Starter,29,2025-03-18,2025-01-17
CUST-1120,Professional,99,2025-07-02,2025-07-02
CUST-1120,Professional,99,2025-08-01,2025-07-02
CUST-1120,Professional,99,2025-08-31,2025-07-02
CUST-1120,Professional,99,2025-09-30,2025-07-02
CUST-1121,Professional,99,2025-07-12,2025-07-12
CUST-1121,Professional,99,2025-08-11,2025-07-12
CUST-1121,Professional,99,2025-09-10,2025-07-12
CUST-1121,Professional,99,2025-10-10,2025-07-12
CUST-1121,Professional,99,2025-11-09,2025-07-12
CUST-1122,Starter,29,2025-12-10,2025-12-10
CUST-1123,Professional,99,2025-05-18,2025-05-18
CUST-1123,Professional,99,2025-06-17,2025-05-18
CUST-1123,Professional,99,2025-07-17,2025-05-18
CUST-1123,Professional,99,2025-08-16,2025-05-18
CUST-1124,Starter,29,2025-07-06,2025-07-06
CUST-1124,Starter,29,2025-08-05,2025-07-06
CUST-1125,Starter,29,2025-03-05,2025-03-05
CUST-1125,Starter,29,2025-04-04,2025-03-05
CUST-1125,Starter,29,2025-05-04,2025-03-05
CUST-1125,Starter,29,2025-06-03,2025-03-05
CUST-1125,Starter,29,2025-07-03,2025-03-05
CUST-1126,Professional,99,2025-09-16,2025-09-16
CUST-1126,Professional,99,2025-10-16,2025-09-16
CUST-1127,Starter,29,2025-08-01,2025-08-01
CUST-1127,Starter,29,2025-08-31,2025-08-01
CUST-1127,Starter,29,2025-09-30,2025-08-01
CUST-1127,Starter,29,2025-10-30,2025-08-01
CUST-1127,Starter,29,2025-11-29,2025-08-01
CUST-1128,Starter,29,2025-11-02,2025-11-02
CUST-1128,Starter,29,2025-12-02,2025-11-02
CUST-1129,Professional,99,2025-01-06,2025-01-06
CUST-1129,Professional,99,2025-02-05,2025-01-06
CUST-1129,Professional,99,2025-03-07,2025-01-06
CUST-1129,Professional,99,2025-04-06,2025-01-06
CUST-1130,Enterprise,299,2025-07-01,2025-07-01
CUST-1130,Enterprise,299,2025-07-31,2025-07-01
CUST-1130,Enterprise,299,2025-08-30,2025-07-01
CUST-1131,Enterprise,299,2025-08-30,2025-08-30
CUST-1132,Enterprise,299,2025-08-01,2025-08-01
CUST-1132,Enterprise,299,2025-08-31,2025-08-01
CUST-1132,Enterprise,299,2025-09-30,2025-08-01
CUST-1132,Enterprise,299,2025-10-30,2025-08-01
CUST-1132,Enterprise,299,2025-11-29,2025-08-01
CUST-1133,Enterprise,299,2025-03-14,2025-03-14
CUST-1133,Enterprise,299,2025-04-13,2025-03-14
CUST-1133,Enterprise,299,2025-05-13,2025-03-14
CUST-1133,Enterprise,299,2025-06-12,2025-03-14
CUST-1133,Enterprise,299,2025-07-12,2025-03-14
CUST-1133,Enterprise,299,2025-08-11,2025-03-14
CUST-1133,Enterprise,299,2025-09-10,2025-03-14
CUST-1133,Enterprise,299,2025-10-10,2025-03-14
CUST-1133,Enterprise,299,2025-11-09,2025-03-14
CUST-1133,Enterprise,299,2025-12-09,2025-03-14
CUST-1134,Starter,29,2025-08-31,2025-08-31
CUST-1134,Starter,29,2025-09-30,2025-08-31
CUST-1134,Starter,29,2025-10-30,2025-08-31
CUST-1134,Starter,29,2025-11-29,2025-08-31
CUST-1135,Enterprise,299,2025-03-19,2025-03-19
CUST-1135,Enterprise,299,2025-04-18,2025-03-19
CUST-1135,Enterprise,299,2025-05-18,2025-03-19
CUST-1135,Enterprise,299,2025-06-17,2025-03-19
CUST-1135,Enterprise,299,2025-07-17,2025-03-19
CUST-1135,Enterprise,299,2025-08-16,2025-03-19
CUST-1135,Enterprise,299,2025-09-15,2025-03-19
CUST-1135,Enterprise,299,2025-10-15,2025-03-19
CUST-1135,Enterprise,299,2025-11-14,2025-03-19
CUST-1136,Enterprise,299,2025-11-02,2025-11-02
CUST-1136,Enterprise,299,2025-12-02,2025-11-02
CUST-1137,Starter,29,2025-11-30,2025-11-30
CUST-1138,Enterprise,299,2025-03-08,2025-03-08
CUST-1138,Enterprise,299,2025-04-07,2025-03-08
CUST-1138,Enterprise,299,2025-05-07,2025-03-08
CUST-1139,Enterprise,299,2025-12-17,2025-12-17
CUST-1140,Professional,99,2025-05-07,2025-05-07
CUST-1141,Enterprise,299,2025-02-01,2025-02-01
CUST-1141,Enterprise,299,2025-03-03,2025-02-01
CUST-1141,Enterprise,299,2025-04-02,2025-02-01
CUST-1142,Enterprise,299,2025-04-16,2025-04-16
CUST-1142,Enterprise,299,2025-05-16,2025-04-16
CUST-1142,Enterprise,299,2025-06-15,2025-04-16
CUST-1142,Enterprise,299,2025-07-15,2025-04-16
CUST-1142,Enterprise,299,2025-08-14,2025-04-16
CUST-1142,Enterprise,299,2025-09-13,2025-04-16
CUST-1142,Enterprise,299,2025-10-13,2025-04-16
CUST-1142,Enterprise,299,2025-11-12,2025-04-16
CUST-1142,Enterprise,299,2025-12-12,2025-04-16
CUST-1143,Starter,29,2025-06-02,2025-06-02
CUST-1143,Starter,29,2025-07-02,2025-06-02
CUST-1143,Starter,29,2025-08-01,2025-06-02
CUST-1143,Starter,29,2025-08-31,2025-06-02
CUST-1143,Starter,29,2025-09-30,2025-06-02
CUST-1144,Professional,99,2025-01-20,2025-01-20
CUST-1144,Professional,99,2025-02-19,2025-01-20
CUST-1144,Professional,99,2025-03-21,2025-01-20
CUST-1144,Professional,99,2025-04-20,2025-01-20
CUST-1144,Professional,99,2025-05-20,2025-01-20
CUST-1144,Professional,99,2025-06-19,2025-01-20
CUST-1144,Professional,99,2025-07-19,2025-01-20
CUST-1144,Professional,99,2025-08-18,2025-01-20
CUST-1145,Starter,29,2025-09-30,2025-09-30
CUST-1146,Starter,29,2025-11-29,2025-11-29
CUST-1147,Starter,29,2025-05-21,2025-05-21
CUST-1147,Starter,29,2025-06-20,2025-05-21
CUST-1147,Starter,29,2025-07-20,2025-05-21
CUST-1147,Starter,29,2025-08-19,2025-05-21
CUST-1148,Enterprise,299,2025-12-01,2025-12-01
CUST-1149,Professional,99,2025-07-20,2025-07-20
CUST-1149,Professional,99,2025-08-19,2025-07-20
CUST-1149,Professional,99,2025-09-18,2025-07-20
CUST-1149,Professional,99,2025-10-18,2025-07-20
CUST-1150,Starter,29,2025-08-09,2025-08-09
CUST-1150,Starter,29,2025-09-08,2025-08-09
CUST-1150,Starter,29,2025-10-08,2025-08-09
CUST-1150,Starter,29,2025-11-07,2025-08-09
CUST-1150,Starter,29,2025-12-07,2025-08-09
CUST-1151,Enterprise,299,2025-10-17,2025-10-17
CUST-1151,Enterprise,299,2025-11-16,2025-10-17
CUST-1152,Starter,29,2025-10-02,2025-10-02
CUST-1152,Starter,29,2025-11-01,2025-10-02
CUST-1153,Enterprise,299,2025-12-05,2025-12-05
CUST-1154,Starter,29,2025-04-02,2025-04-02
CUST-1154,Starter,29,2025-05-02,2025-04-02
CUST-1154,Starter,29,2025-06-01,2025-04-02
CUST-1154,Starter,29,2025-07-01,2025-04-02
CUST-1154,Starter,29,2025-07-31,2025-04-02
CUST-1154,Starter,29,2025-08-30,2025-04-02
CUST-1155,Professional,99,2025-09-15,2025-09-15
CUST-1155,Professional,99,2025-10-15,2025-09-15
CUST-1156,Professional,99,2025-05-12,2025-05-12
CUST-1157,Starter,29,2025-07-10,2025-07-10
CUST-1157,Starter,29,2025-08-09,2025-07-10
CUST-1157,Starter,29,2025-09-08,2025-07-10
CUST-1157,Starter,29,2025-10-08,2025-07-10
CUST-1157,Starter,29,2025-11-07,2025-07-10
CUST-1158,Starter,29,2025-01-17,2025-01-17
CUST-1158,Starter,29,2025-02-16,2025-01-17
CUST-1158,Starter,29,2025-03-18,2025-01-17
CUST-1158,Starter,29,2025-04-17,2025-01-17
CUST-1158,Starter,29,2025-05-17,2025-01-17
CUST-1159,Enterprise,299,2025-07-19,2025-07-19
CUST-1159,Enterprise,299,2025-08-18,2025-07-19
CUST-1159,Enterprise,299,2025-09-17,2025-07-19
CUST-1159,Enterprise,299,2025-10-17,2025-07-19
CUST-1159,Enterprise,299,2025-11-16,2025-07-19
CUST-1159,Enterprise,299,2025-12-16,2025-07-19
CUST-1160,Starter,29,2025-09-13,2025-09-13
CUST-1160,Starter,29,2025-10-13,2025-09-13
CUST-1160,Starter,29,2025-11-12,2025-09-13
CUST-1160,Starter,29,2025-12-12,2025-09-13
CUST-1161,Enterprise,299,2025-05-08,2025-05-08
CUST-1161,Enterprise,299,2025-06-07,2025-05-08
CUST-1161,Enterprise,299,2025-07-07,2025-05-08
CUST-1162,Professional,99,2025-06-06,2025-06-06
CUST-1162,Professional,99,2025-07-06,2025-06-06
CUST-1162,Professional,99,2025-08-05,2025-06-06
CUST-1162,Professional,99,2025-09-04,2025-06-06
CUST-1163,Professional,99,2025-05-06,2025-05-06
CUST-1163,Professional,99,2025-06-05,2025-05-06
CUST-1164,Professional,99,2025-03-19,2025-03-19
CUST-1164,Professional,99,2025-04-18,2025-03-19
CUST-1164,Professional,99,2025-05-18,2025-03-19
CUST-1164,Professional,99,2025-06-17,2025-03-19
CUST-1164,Professional,99,2025-07-17,2025-03-19
CUST-1164,Professional,99,2025-08-16,2025-03-19
CUST-1164,Professional,99,2025-09-15,2025-03-19
CUST-1164,Professional,99,2025-10-15,2025-03-19
CUST-1164,Professional,99,2025-11-14,2025-03-19
CUST-1165,Starter,29,2025-05-18,2025-05-18
CUST-1165,Starter,29,2025-06-17,2025-05-18
CUST-1165,Starter,29,2025-07-17,2025-05-18
CUST-1165,Starter,29,2025-08-16,2025-05-18
CUST-1165,Starter,29,2025-09-15,2025-05-18
CUST-1165,Starter,29,2025-10-15,2025-05-18
CUST-1166,Enterprise,299,2025-12-01,2025-12-01
CUST-1167,Starter,29,2025-03-17,2025-03-17
CUST-1168,Professional,99,2025-06-08,2025-06-08
CUST-1168,Professional,99,2025-07-08,2025-06-08
CUST-1168,Professional,99,2025-08-07,2025-06-08
CUST-1168,Professional,99,2025-09-06,2025-06-08
CUST-1168,Professional,99,2025-10-06,2025-06-08
CUST-1168,Professional,99,2025-11-05,2025-06-08
CUST-1168,Professional,99,2025-12-05,2025-06-08
CUST-1169,Professional,99,2025-02-07,2025-02-07
CUST-1169,Professional,99,2025-03-09,2025-02-07
CUST-1169,Professional,99,2025-04-08,2025-02-07
CUST-1169,Professional,99,2025-05-08,2025-02-07
CUST-1169,Professional,99,2025-06-07,2025-02-07
CUST-1169,Professional,99,2025-07-07,2025-02-07
CUST-1169,Professional,99,2025-08-06,2025-02-07
CUST-1169,Professional,99,2025-09-05,2025-02-07
CUST-1169,Professional,99,2025-10-05,2025-02-07
CUST-1169,Professional,99,2025-11-04,2025-02-07
CUST-1170,Professional,99,2025-03-08,2025-03-08
CUST-1170,Professional,99,2025-04-07,2025-03-08
CUST-1170,Professional,99,2025-05-07,2025-03-08
CUST-1170,Professional,99,2025-06-06,2025-03-08
CUST-1170,Professional,99,2025-07-06,2025-03-08
CUST-1170,Professional,99,2025-08-05,2025-03-08
CUST-1170,Professional,99,2025-09-04,2025-03-08
CUST-1171,Enterprise,299,2025-11-14,2025-11-14
CUST-1171,Enterprise,299,2025-12-14,2025-11-14
CUST-1172,Professional,99,2025-12-02,2025-12-02
CUST-1173,Professional,99,2025-04-12,2025-04-12
CUST-1173,Professional,99,2025-05-12,2025-04-12
CUST-1173,Professional,99,2025-06-11,2025-04-12
CUST-1173,Professional,99,2025-07-11,2025-04-12
CUST-1174,Professional,99,2025-01-09,2025-01-09
CUST-1174,Professional,99,2025-02-08,2025-01-09
CUST-1174,Professional,99,2025-03-10,2025-01-09
CUST-1174,Professional,99,2025-04-09,2025-01-09
CUST-1174,Professional,99,2025-05-09,2025-01-09
CUST-1174,Professional,99,2025-06-08,2025-01-09
CUST-1174,Professional,99,2025-07-08,2025-01-09
CUST-1174,Professional,99,2025-08-07,2025-01-09
CUST-1174,Professional,99,2025-09-06,2025-01-09
CUST-1175,Enterprise,299,2025-12-16,2025-12-16
CUST-1176,Enterprise,299,2025-06-04,2025-06-04
CUST-1176,Enterprise,299,2025-07-04,2025-06-04
CUST-1176,Enterprise,299,2025-08-03,2025-06-04
CUST-1176,Enterprise,299,2025-09-02,2025-06-04
CUST-1177,Enterprise,299,2025-05-05,2025-05-05
CUST-1177,Enterprise,299,2025-06-04,2025-05-05
CUST-1177,Enterprise,299,2025-07-04,2025-05-05
CUST-1177,Enterprise,299,2025-08-03,2025-05-05
CUST-1177,Enterprise,299,2025-09-02,2025-05-05
CUST-1177,Enterprise,299,2025-10-02,2025-05-05
CUST-1177,Enterprise,299,2025-11-01,2025-05-05
CUST-1177,Enterprise,299,2025-12-01,2025-05-05
CUST-1178,Enterprise,299,2025-09-18,2025-09-18
CUST-1178,Enterprise,299,2025-10-18,2025-09-18
CUST-1178,Enterprise,299,2025-11-17,2025-09-18
CUST-1178,Enterprise,299,2025-12-17,2025-09-18
CUST-1179,Enterprise,299,2025-05-10,2025-05-10
CUST-1179,Enterprise,299,2025-06-09,2025-05-10
CUST-1179,Enterprise,299,2025-07-09,2025-05-10
CUST-1179,Enterprise,299,2025-08-08,2025-05-10
CUST-1179,Enterprise,299,2025-09-07,2025-05-10
CUST-1179,Enterprise,299,2025-10-07,2025-05-10
CUST-1179,Enterprise,299,2025-11-06,2025-05-10
CUST-1179,Enterprise,299,2025-12-06,2025-05-10
CUST-1180,Starter,29,2025-01-16,2025-01-16
CUST-1180,Starter,29,2025-02-15,2025-01-16
CUST-1181,Professional,99,2025-10-05,2025-10-05
CUST-1181,Professional,99,2025-11-04,2025-10-05
CUST-1182,Professional,99,2025-06-14,2025-06-14
CUST-1182,Professional,99,2025-07-14,2025-06-14
CUST-1182,Professional,99,2025-08-13,2025-06-14
CUST-1182,Professional,99,2025-09-12,2025-06-14
CUST-1182,Professional,99,2025-10-12,2025-06-14
CUST-1182,Professional,99,2025-11-11,2025-06-14
CUST-1182,Professional,99,2025-12-11,2025-06-14
CUST-1183,Professional,99,2025-01-17,2025-01-17
CUST-1183,Professional,99,2025-02-16,2025-01-17
CUST-1183,Professional,99,2025-03-18,2025-01-17
CUST-1183,Professional,99,2025-04-17,2025-01-17
CUST-1183,Professional,99,2025-05-17,2025-01-17
CUST-1183,Professional,99,2025-06-16,2025-01-17
CUST-1183,Professional,99,2025-07-16,2025-01-17
CUST-1183,Professional,99,2025-08-15,2025-01-17
CUST-1183,Professional,99,2025-09-14,2025-01-17
CUST-1183,Professional,99,2025-10-14,2025-01-17
CUST-1184,Professional,99,2025-11-01,2025-11-01
CUST-1185,Enterprise,299,2025-10-14,2025-10-14
CUST-1185,Enterprise,299,2025-11-13,2025-10-14
CUST-1186,Enterprise,299,2025-08-15,2025-08-15
CUST-1186,Enterprise,299,2025-09-14,2025-08-15
CUST-1186,Enterprise,299,2025-10-14,2025-08-15
CUST-1186,Enterprise,299,2025-11-13,2025-08-15
CUST-1186,Enterprise,299,2025-12-13,2025-08-15
CUST-1187,Starter,29,2025-02-03,2025-02-03
CUST-1188,Starter,29,2025-04-16,2025-04-16
CUST-1188,Starter,29,2025-05-16,2025-04-16
CUST-1188,Starter,29,2025-06-15,2025-04-16
CUST-1188,Starter,29,2025-07-15,2025-04-16
CUST-1188,Starter,29,2025-08-14,2025-04-16
CUST-1189,Enterprise,299,2025-01-01,2025-01-01
CUST-1189,Enterprise,299,2025-01-31,2025-01-01
CUST-1189,Enterprise,299,2025-03-02,2025-01-01
CUST-1189,Enterprise,299,2025-04-01,2025-01-01
CUST-1190,Professional,99,2025-04-21,2025-04-21
CUST-1190,Professional,99,2025-05-21,2025-04-21
CUST-1190,Professional,99,2025-06-20,2025-04-21
CUST-1190,Professional,99,2025-07-20,2025-04-21
CUST-1190,Professional,99,2025-08-19,2025-04-21
CUST-1190,Professional,99,2025-09-18,2025-04-21
CUST-1191,Professional,99,2025-10-06,2025-10-06
CUST-1191,Professional,99,2025-11-05,2025-10-06
CUST-1192,Enterprise,299,2025-01-05,2025-01-05
CUST-1192,Enterprise,299,2025-02-04,2025-01-05
CUST-1192,Enterprise,299,2025-03-06,2025-01-05
CUST-1192,Enterprise,299,2025-04-05,2025-01-05
CUST-1193,Enterprise,299,2025-08-03,2025-08-03
CUST-1193,Enterprise,299,2025-09-02,2025-08-03
CUST-1193,Enterprise,299,2025-10-02,2025-08-03
CUST-1193,Enterprise,299,2025-11-01,2025-08-03
CUST-1193,Enterprise,299,2025-12-01,2025-08-03
CUST-1194,Enterprise,299,2025-08-11,2025-08-11
CUST-1194,Enterprise,299,2025-09-10,2025-08-11
CUST-1194,Enterprise,299,2025-10-10,2025-08-11
CUST-1194,Enterprise,299,2025-11-09,2025-08-11
CUST-1195,Starter,29,2025-10-14,2025-10-14
CUST-1195,Starter,29,2025-11-13,2025-10-14
CUST-1195,Starter,29,2025-12-13,2025-10-14
CUST-1196,Enterprise,299,2025-03-05,2025-03-05
CUST-1196,Enterprise,299,2025-04-04,2025-03-05
CUST-1197,Starter,29,2025-09-15,2025-09-15
CUST-1197,Starter,29,2025-10-15,2025-09-15
CUST-1197,Starter,29,2025-11-14,2025-09-15
CUST-1197,Starter,29,2025-12-14,2025-09-15
CUST-1198,Starter,29,2025-07-20,2025-07-20
CUST-1198,Starter,29,2025-08-19,2025-07-20
CUST-1199,Professional,99,2025-04-20,2025-04-20
CUST-1199,Professional,99,2025-05-20,2025-04-20
CUST-1199,Professional,99,2025-06-19,2025-04-20
CUST-1199,Professional,99,2025-07-19,2025-04-20
CUST-1199,Professional,99,2025-08-18,2025-04-20
CUST-1199,Professional,99,2025-09-17,2025-04-20
CUST-1199,Professional,99,2025-10-17,2025-04-20
CUST-1199,Professional,99,2025-11-16,2025-04-20
CUST-1199,Professional,99,2025-12-16,2025-04-20
CUST-1200,Professional,99,2025-03-17,2025-03-17
CUST-1200,Professional,99,2025-04-16,2025-03-17
CUST-1200,Professional,99,2025-05-16,2025-03-17
CUST-1200,Professional,99,2025-06-15,2025-03-17
CUST-1200,Professional,99,2025-07-15,2025-03-17
CUST-1200,Professional,99,2025-08-14,2025-03-17
CUST-1201,Starter,29,2025-05-18,2025-05-18
CUST-1201,Starter,29,2025-06-17,2025-05-18
CUST-1201,Starter,29,2025-07-17,2025-05-18
CUST-1201,Starter,29,2025-08-16,2025-05-18
CUST-1201,Starter,29,2025-09-15,2025-05-18
CUST-1201,Starter,29,2025-10-15,2025-05-18
CUST-1202,Enterprise,299,2025-06-08,2025-06-08
CUST-1202,Enterprise,299,2025-07-08,2025-06-08
CUST-1202,Enterprise,299,2025-08-07,2025-06-08
CUST-1202,Enterprise,299,2025-09-06,2025-06-08
CUST-1202,Enterprise,299,2025-10-06,2025-06-08
CUST-1202,Enterprise,299,2025-11-05,2025-06-08
CUST-1203,Starter,29,2025-09-17,2025-09-17
CUST-1203,Starter,29,2025-10-17,2025-09-17
CUST-1203,Starter,29,2025-11-16,2025-09-17
CUST-1203,Starter,29,2025-12-16,2025-09-17
CUST-1204,Starter,29,2025-04-14,2025-04-14
CUST-1204,Starter,29,2025-05-14,2025-04-14
CUST-1204,Starter,29,2025-06-13,2025-04-14
CUST-1204,Starter,29,2025-07-13,2025-04-14
CUST-1205,Starter,29,2025-08-01,2025-08-01
CUST-1205,Starter,29,2025-08-31,2025-08-01
CUST-1205,Starter,29,2025-09-30,2025-08-01
CUST-1205,Starter,29,2025-10-30,2025-08-01
CUST-1205,Starter,29,2025-11-29,2025-08-01
CUST-1206,Starter,29,2025-06-12,2025-06-12
CUST-1206,Starter,29,2025-07-12,2025-06-12
CUST-1206,Starter,29,2025-08-11,2025-06-12
CUST-1206,Starter,29,2025-09-10,2025-06-12
CUST-1207,Starter,29,2025-05-08,2025-05-08
CUST-1207,Starter,29,2025-06-07,2025-05-08
CUST-1207,Starter,29,2025-07-07,2025-05-08
CUST-1207,Starter,29,2025-08-06,2025-05-08
CUST-1207,Starter,29,2025-09-05,2025-05-08
CUST-1207,Starter,29,2025-10-05,2025-05-08
CUST-1208,Professional,99,2025-04-07,2025-04-07
CUST-1208,Professional,99,2025-05-07,2025-04-07
CUST-1208,Professional,99,2025-06-06,2025-04-07
CUST-1208,Professional,99,2025-07-06,2025-04-07
CUST-1208,Professional,99,2025-08-05,2025-04-07
CUST-1208,Professional,99,2025-09-04,2025-04-07
CUST-1208,Professional,99,2025-10-04,2025-04-07
CUST-1208,Professional,99,2025-11-03,2025-04-07
CUST-1208,Professional,99,2025-12-03,2025-04-07
CUST-1209,Starter,29,2025-10-18,2025-10-18
CUST-1210,Professional,99,2025-05-17,2025-05-17
CUST-1210,Professional,99,2025-06-16,2025-05-17
CUST-1210,Professional,99,2025-07-16,2025-05-17
CUST-1210,Professional,99,2025-08-15,2025-05-17
CUST-1210,Professional,99,2025-09-14,2025-05-17
CUST-1211,Starter,29,2025-11-16,2025-11-16
CUST-1212,Enterprise,299,2025-06-01,2025-06-01
CUST-1212,Enterprise,299,2025-07-01,2025-06-01
CUST-1212,Enterprise,299,2025-07-31,2025-06-01
CUST-1212,Enterprise,299,2025-08-30,2025-06-01
CUST-1212,Enterprise,299,2025-09-29,2025-06-01
CUST-1212,Enterprise,299,2025-10-29,2025-06-01
CUST-1213,Starter,29,2025-02-03,2025-02-03
CUST-1213,Starter,29,2025-03-05,2025-02-03
CUST-1213,Starter,29,2025-04-04,2025-02-03
CUST-1213,Starter,29,2025-05-04,2025-02-03
CUST-1213,Starter,29,2025-06-03,2025-02-03
CUST-1213,Starter,29,2025-07-03,2025-02-03
CUST-1214,Enterprise,299,2025-04-17,2025-04-17
CUST-1214,Enterprise,299,2025-05-17,2025-04-17
CUST-1215,Starter,29,2025-01-21,2025-01-21
CUST-1215,Starter,29,2025-02-20,2025-01-21
CUST-1215,Starter,29,2025-03-22,2025-01-21
CUST-1215,Starter,29,2025-04-21,2025-01-21
CUST-1216,Enterprise,299,2025-05-12,2025-05-12
CUST-1216,Enterprise,299,2025-06-11,2025-05-12
CUST-1216,Enterprise,299,2025-07-11,2025-05-12
CUST-1216,Enterprise,299,2025-08-10,2025-05-12
CUST-1216,Enterprise,299,2025-09-09,2025-05-12
CUST-1216,Enterprise,299,2025-10-09,2025-05-12
CUST-1216,Enterprise,299,2025-11-08,2025-05-12
CUST-1216,Enterprise,299,2025-12-08,2025-05-12
CUST-1217,Enterprise,299,2025-09-16,2025-09-16
CUST-1217,Enterprise,299,2025-10-16,2025-09-16
CUST-1217,Enterprise,299,2025-11-15,2025-09-16
CUST-1217,Enterprise,299,2025-12-15,2025-09-16
CUST-1218,Enterprise,299,2025-08-13,2025-08-13
CUST-1218,Enterprise,299,2025-09-12,2025-08-13
CUST-1218,Enterprise,299,2025-10-12,2025-08-13
CUST-1218,Enterprise,299,2025-11-11,2025-08-13
CUST-1219,Professional,99,2025-10-03,2025-10-03
CUST-1219,Professional,99,2025-11-02,2025-10-03
CUST-1219,Professional,99,2025-12-02,2025-10-03
CUST-1220,Starter,29,2025-06-01,2025-06-01
CUST-1220,Starter,29,2025-07-01,2025-06-01
CUST-1220,Starter,29,2025-07-31,2025-06-01
CUST-1220,Starter,29,2025-08-30,2025-06-01
CUST-1221,Professional,99,2025-08-11,2025-08-11
CUST-1221,Professional,99,2025-09-10,2025-08-11
CUST-1221,Professional,99,2025-10-10,2025-08-11
CUST-1221,Professional,99,2025-11-09,2025-08-11
CUST-1222,Starter,29,2025-11-28,2025-11-28
CUST-1223,Professional,99,2025-12-01,2025-12-01
CUST-1224,Starter,29,2025-11-29,2025-11-29
CUST-1225,Professional,99,2025-06-07,2025-06-07
CUST-1225,Professional,99,2025-07-07,2025-06-07
CUST-1225,Professional,99,2025-08-06,2025-06-07
CUST-1225,Professional,99,2025-09-05,2025-06-07
CUST-1226,Enterprise,299,2025-02-10,2025-02-10
CUST-1226,Enterprise,299,2025-03-12,2025-02-10
CUST-1226,Enterprise,299,2025-04-11,2025-02-10
CUST-1226,Enterprise,299,2025-05-11,2025-02-10
CUST-1226,Enterprise,299,2025-06-10,2025-02-10
CUST-1226,Enterprise,299,2025-07-10,2025-02-10
CUST-1226,Enterprise,299,2025-08-09,2025-02-10
CUST-1226,Enterprise,299,2025-09-08,2025-02-10
CUST-1226,Enterprise,299,2025-10-08,2025-02-10
CUST-1227,Starter,29,2025-12-10,2025-12-10
CUST-1228,Enterprise,299,2025-08-29,2025-08-29
CUST-1228,Enterprise,299,2025-09-28,2025-08-29
CUST-1228,Enterprise,299,2025-10-28,2025-08-29
CUST-1228,Enterprise,299,2025-11-27,2025-08-29
CUST-1229,Enterprise,299,2025-10-28,2025-10-28
CUST-1230,Professional,99,2025-05-10,2025-05-10
CUST-1230,Professional,99,2025-06-09,2025-05-10
CUST-1230,Professional,99,2025-07-09,2025-05-10
CUST-1230,Professional,99,2025-08-08,2025-05-10
CUST-1231,Enterprise,299,2025-10-05,2025-10-05
CUST-1231,Enterprise,299,2025-11-04,2025-10-05
CUST-1232,Professional,99,2025-06-30,2025-06-30
CUST-1233,Starter,29,2025-03-08,2025-03-08
CUST-1233,Starter,29,2025-04-07,2025-03-08
CUST-1233,Starter,29,2025-05-07,2025-03-08
CUST-1233,Starter,29,2025-06-06,2025-03-08
CUST-1233,Starter,29,2025-07-06,2025-03-08
CUST-1233,Starter,29,2025-08-05,2025-03-08
CUST-1233,Starter,29,2025-09-04,2025-03-08
CUST-1234,Professional,99,2025-01-17,2025-01-17
CUST-1234,Professional,99,2025-02-16,2025-01-17
CUST-1234,Professional,99,2025-03-18,2025-01-17
CUST-1234,Professional,99,2025-04-17,2025-01-17
CUST-1234,Professional,99,2025-05-17,2025-01-17
CUST-1235,Starter,29,2025-11-05,2025-11-05
CUST-1236,Professional,99,2025-08-09,2025-08-09
CUST-1236,Professional,99,2025-09-08,2025-08-09
CUST-1236,Professional,99,2025-10-08,2025-08-09
CUST-1236,Professional,99,2025-11-07,2025-08-09
CUST-1236,Professional,99,2025-12-07,2025-08-09
CUST-1237,Professional,99,2025-12-13,2025-12-13
CUST-1238,Starter,29,2025-01-15,2025-01-15
CUST-1238,Starter,29,2025-02-14,2025-01-15
CUST-1238,Starter,29,2025-03-16,2025-01-15
CUST-1238,Starter,29,2025-04-15,2025-01-15
CUST-1238,Starter,29,2025-05-15,2025-01-15
CUST-1238,Starter,29,2025-06-14,2025-01-15
CUST-1239,Professional,99,2025-04-01,2025-04-01
CUST-1239,Professional,99,2025-05-01,2025-04-01
CUST-1239,Professional,99,2025-05-31,2025-04-01
CUST-1240,Professional,99,2025-10-05,2025-10-05
CUST-1241,Starter,29,2025-07-17,2025-07-17
CUST-1241,Starter,29,2025-08-16,2025-07-17
CUST-1241,Starter,29,2025-09-15,2025-07-17
CUST-1241,Starter,29,2025-10-15,2025-07-17
CUST-1241,Starter,29,2025-11-14,2025-07-17
CUST-1241,Starter,29,2025-12-14,2025-07-17
CUST-1242,Professional,99,2025-09-28,2025-09-28
CUST-1242,Professional,99,2025-10-28,2025-09-28
CUST-1242,Professional,99,2025-11-27,2025-09-28
CUST-1243,Enterprise,299,2025-09-11,2025-09-11
CUST-1243,Enterprise,299,2025-10-11,2025-09-11
CUST-1243,Enterprise,299,2025-11-10,2025-09-11
CUST-1243,Enterprise,299,2025-12-10,2025-09-11
CUST-1244,Professional,99,2025-05-31,2025-05-31
CUST-1244,Professional,99,2025-06-30,2025-05-31
CUST-1244,Professional,99,2025-07-30,2025-05-31
CUST-1244,Professional,99,2025-08-29,2025-05-31
CUST-1244,Professional,99,2025-09-28,2025-05-31
CUST-1244,Professional,99,2025-10-28,2025-05-31
CUST-1244,Professional,99,2025-11-27,2025-05-31
CUST-1245,Enterprise,299,2025-11-17,2025-11-17
CUST-1245,Enterprise,299,2025-12-17,2025-11-17
CUST-1246,Professional,99,2025-07-17,2025-07-17
CUST-1246,Professional,99,2025-08-16,2025-07-17
CUST-1246,Professional,99,2025-09-15,2025-07-17
CUST-1247,Professional,99,2025-05-05,2025-05-05
CUST-1247,Professional,99,2025-06-04,2025-05-05
CUST-1248,Enterprise,299,2025-02-02,2025-02-02
CUST-1249,Starter,29,2025-06-11,2025-06-11
CUST-1249,Starter,29,2025-07-11,2025-06-11
CUST-1249,Starter,29,2025-08-10,2025-06-11
CUST-1249,Starter,29,2025-09-09,2025-06-11
CUST-1250,Enterprise,299,2025-03-06,2025-03-06
CUST-1250,Enterprise,299,2025-04-05,2025-03-06
CUST-1250,Enterprise,299,2025-05-05,2025-03-06
CUST-1250,Enterprise,299,2025-06-04,2025-03-06
CUST-1251,Enterprise,299,2025-11-09,2025-11-09
CUST-1252,Professional,99,2025-02-01,2025-02-01
CUST-1252,Professional,99,2025-03-03,2025-02-01
CUST-1252,Professional,99,2025-04-02,2025-02-01
CUST-1252,Professional,99,2025-05-02,2025-02-01
CUST-1252,Professional,99,2025-06-01,2025-02-01
CUST-1253,Enterprise,299,2025-04-08,2025-04-08
CUST-1253,Enterprise,299,2025-05-08,2025-04-08
CUST-1253,Enterprise,299,2025-06-07,2025-04-08
CUST-1253,Enterprise,299,2025-07-07,2025-04-08
CUST-1253,Enterprise,299,2025-08-06,2025-04-08
CUST-1253,Enterprise,299,2025-09-05,2025-04-08
CUST-1253,Enterprise,299,2025-10-05,2025-04-08
CUST-1253,Enterprise,299,2025-11-04,2025-04-08
CUST-1253,Enterprise,299,2025-12-04,2025-04-08
CUST-1254,Enterprise,299,2025-05-14,2025-05-14
CUST-1254,Enterprise,299,2025-06-13,2025-05-14
CUST-1254,Enterprise,299,2025-07-13,2025-05-14
CUST-1254,Enterprise,299,2025-08-12,2025-05-14
CUST-1255,Professional,99,2025-01-05,2025-01-05
CUST-1255,Professional,99,2025-02-04,2025-01-05
CUST-1255,Professional,99,2025-03-06,2025-01-05
CUST-1255,Professional,99,2025-04-05,2025-01-05
CUST-1255,Professional,99,2025-05-05,2025-01-05
CUST-1255,Professional,99,2025-06-04,2025-01-05
CUST-1255,Professional,99,2025-07-04,2025-01-05
CUST-1255,Professional,99,2025-08-03,2025-01-05
CUST-1255,Professional,99,2025-09-02,2025-01-05
CUST-1255,Professional,99,2025-10-02,2025-01-05
CUST-1255,Professional,99,2025-11-01,2025-01-05
CUST-1255,Professional,99,2025-12-01,2025-01-05
CUST-1256,Starter,29,2025-06-12,2025-06-12
CUST-1256,Starter,29,2025-07-12,2025-06-12
CUST-1256,Starter,29,2025-08-11,2025-06-12
CUST-1256,Starter,29,2025-09-10,2025-06-12
CUST-1256,Starter,29,2025-10-10,2025-06-12
CUST-1257,Enterprise,299,2025-07-10,2025-07-10
CUST-1257,Enterprise,299,2025-08-09,2025-07-10
CUST-1257,Enterprise,299,2025-09-08,2025-07-10
CUST-1257,Enterprise,299,2025-10-08,2025-07-10
CUST-1257,Enterprise,299,2025-11-07,2025-07-10
CUST-1257,Enterprise,299,2025-12-07,2025-07-10
CUST-1258,Enterprise,299,2025-05-17,2025-05-17
CUST-1258,Enterprise,299,2025-06-16,2025-05-17
CUST-1258,Enterprise,299,2025-07-16,2025-05-17
CUST-1258,Enterprise,299,2025-08-15,2025-05-17
CUST-1258,Enterprise,299,2025-09-14,2025-05-17
CUST-1258,Enterprise,299,2025-10-14,2025-05-17
CUST-1258,Enterprise,299,2025-11-13,2025-05-17
CUST-1259,Starter,29,2025-09-14,2025-09-14
CUST-1259,Starter,29,2025-10-14,2025-09-14
CUST-1259,Starter,29,2025-11-13,2025-09-14
CUST-1259,Starter,29,2025-12-13,2025-09-14
CUST-1260,Starter,29,2025-03-02,2025-03-02
CUST-1260,Starter,29,2025-04-01,2025-03-02
CUST-1261,Enterprise,299,2025-08-15,2025-08-15
CUST-1261,Enterprise,299,2025-09-14,2025-08-15
CUST-1261,Enterprise,299,2025-10-14,2025-08-15
CUST-1261,Enterprise,299,2025-11-13,2025-08-15
CUST-1261,Enterprise,299,2025-12-13,2025-08-15
CUST-1262,Professional,99,2025-12-08,2025-12-08
CUST-1263,Enterprise,299,2025-10-09,2025-10-09
CUST-1263,Enterprise,299,2025-11-08,2025-10-09
CUST-1264,Professional,99,2025-07-31,2025-07-31
CUST-1264,Professional,99,2025-08-30,2025-07-31
CUST-1264,Professional,99,2025-09-29,2025-07-31
CUST-1264,Professional,99,2025-10-29,2025-07-31
CUST-1265,Professional,99,2025-06-16,2025-06-16
CUST-1265,Professional,99,2025-07-16,2025-06-16
CUST-1265,Professional,99,2025-08-15,2025-06-16
CUST-1265,Professional,99,2025-09-14,2025-06-16
CUST-1265,Professional,99,2025-10-14,2025-06-16
CUST-1265,Professional,99,2025-11-13,2025-06-16
CUST-1266,Professional,99,2025-02-02,2025-02-02
CUST-1266,Professional,99,2025-03-04,2025-02-02
CUST-1266,Professional,99,2025-04-03,2025-02-02
CUST-1267,Professional,99,2025-05-19,2025-05-19
CUST-1267,Professional,99,2025-06-18,2025-05-19
CUST-1267,Professional,99,2025-07-18,2025-05-19
CUST-1267,Professional,99,2025-08-17,2025-05-19
CUST-1268,Starter,29,2025-12-05,2025-12-05
CUST-1269,Starter,29,2025-04-03,2025-04-03
CUST-1269,Starter,29,2025-05-03,2025-04-03
CUST-1269,Starter,29,2025-06-02,2025-04-03
CUST-1269,Starter,29,2025-07-02,2025-04-03
CUST-1269,Starter,29,2025-08-01,2025-04-03
CUST-1269,Starter,29,2025-08-31,2025-04-03
CUST-1269,Starter,29,2025-09-30,2025-04-03
CUST-1269,Starter,29,2025-10-30,2025-04-03
CUST-1270,Starter,29,2025-08-16,2025-08-16
CUST-1270,Starter,29,2025-09-15,2025-08-16
CUST-1270,Starter,29,2025-10-15,2025-08-16
CUST-1270,Starter,29,2025-11-14,2025-08-16
CUST-1270,Starter,29,2025-12-14,2025-08-16
CUST-1271,Enterprise,299,2025-08-15,2025-08-15
CUST-1271,Enterprise,299,2025-09-14,2025-08-15
CUST-1271,Enterprise,299,2025-10-14,2025-08-15
CUST-1271,Enterprise,299,2025-11-13,2025-08-15
CUST-1271,Enterprise,299,2025-12-13,2025-08-15
CUST-1272,Enterprise,299,2025-02-13,2025-02-13
CUST-1272,Enterprise,299,2025-03-15,2025-02-13
CUST-1273,Enterprise,299,2025-11-08,2025-11-08
CUST-1274,Professional,99,2025-11-30,2025-11-30
CUST-1275,Starter,29,2025-12-02,2025-12-02
CUST-1276,Enterprise,299,2025-04-15,2025-04-15
CUST-1276,Enterprise,299,2025-05-15,2025-04-15
CUST-1276,Enterprise,299,2025-06-14,2025-04-15
CUST-1276,Enterprise,299,2025-07-14,2025-04-15
CUST-1276,Enterprise,299,2025-08-13,2025-04-15
CUST-1276,Enterprise,299,2025-09-12,2025-04-15
CUST-1277,Starter,29,2025-10-29,2025-10-29
CUST-1277,Starter,29,2025-11-28,2025-10-29
CUST-1278,Professional,99,2025-05-31,2025-05-31
CUST-1278,Professional,99,2025-06-30,2025-05-31
CUST-1278,Professional,99,2025-07-30,2025-05-31
CUST-1278,Professional,99,2025-08-29,2025-05-31
CUST-1279,Professional,99,2025-06-02,2025-06-02
CUST-1279,Professional,99,2025-07-02,2025-06-02
CUST-1279,Professional,99,2025-08-01,2025-06-02
CUST-1279,Professional,99,2025-08-31,2025-06-02
CUST-1279,Professional,99,2025-09-30,2025-06-02
CUST-1280,Enterprise,299,2025-03-18,2025-03-18
CUST-1280,Enterprise,299,2025-04-17,2025-03-18
CUST-1280,Enterprise,299,2025-05-17,2025-03-18
CUST-1280,Enterprise,299,2025-06-16,2025-03-18
CUST-1280,Enterprise,299,2025-07-16,2025-03-18
CUST-1280,Enterprise,299,2025-08-15,2025-03-18
CUST-1280,Enterprise,299,2025-09-14,2025-03-18
CUST-1281,Professional,99,2025-09-17,2025-09-17
CUST-1281,Professional,99,2025-10-17,2025-09-17
CUST-1281,Professional,99,2025-11-16,2025-09-17
CUST-1281,Professional,99,2025-12-16,2025-09-17
CUST-1282,Enterprise,299,2025-11-08,2025-11-08
CUST-1283,Starter,29,2025-12-08,2025-12-08
CUST-1284,Professional,99,2025-03-09,2025-03-09
CUST-1284,Professional,99,2025-04-08,2025-03-09
CUST-1284,Professional,99,2025-05-08,2025-03-09
CUST-1284,Professional,99,2025-06-07,2025-03-09
CUST-1284,Professional,99,2025-07-07,2025-03-09
CUST-1284,Professional,99,2025-08-06,2025-03-09
CUST-1284,Professional,99,2025-09-05,2025-03-09
CUST-1284,Professional,99,2025-10-05,2025-03-09
CUST-1284,Professional,99,2025-11-04,2025-03-09
CUST-1284,Professional,99,2025-12-04,2025-03-09
CUST-1285,Starter,29,2025-11-16,2025-11-16
CUST-1285,Starter,29,2025-12-16,2025-11-16
CUST-1286,Starter,29,2025-07-15,2025-07-15
CUST-1286,Starter,29,2025-08-14,2025-07-15
CUST-1286,Starter,29,2025-09-13,2025-07-15
CUST-1286,Starter,29,2025-10-13,2025-07-15
CUST-1287,Starter,29,2025-02-12,2025-02-12
CUST-1287,Starter,29,2025-03-14,2025-02-12
CUST-1287,Starter,29,2025-04-13,2025-02-12
CUST-1287,Starter,29,2025-05-13,2025-02-12
CUST-1288,Enterprise,299,2025-09-02,2025-09-02
CUST-1288,Enterprise,299,2025-10-02,2025-09-02
CUST-1288,Enterprise,299,2025-11-01,2025-09-02
CUST-1288,Enterprise,299,2025-12-01,2025-09-02
CUST-1289,Starter,29,2025-02-12,2025-02-12
CUST-1289,Starter,29,2025-03-14,2025-02-12
CUST-1289,Starter,29,2025-04-13,2025-02-12
CUST-1289,Starter,29,2025-05-13,2025-02-12
CUST-1289,Starter,29,2025-06-12,2025-02-12
CUST-1289,Starter,29,2025-07-12,2025-02-12
CUST-1289,Starter,29,2025-08-11,2025-02-12
CUST-1289,Starter,29,2025-09-10,2025-02-12
CUST-1290,Starter,29,2025-08-03,2025-08-03
CUST-1291,Enterprise,299,2025-08-07,2025-08-07
CUST-1291,Enterprise,299,2025-09-06,2025-08-07
CUST-1291,Enterprise,299,2025-10-06,2025-08-07
CUST-1292,Starter,29,2025-05-07,2025-05-07
CUST-1292,Starter,29,2025-06-06,2025-05-07
CUST-1292,Starter,29,2025-07-06,2025-05-07
CUST-1292,Starter,29,2025-08-05,2025-05-07
CUST-1293,Enterprise,299,2025-09-15,2025-09-15
CUST-1293,Enterprise,299,2025-10-15,2025-09-15
CUST-1293,Enterprise,299,2025-11-14,2025-09-15
CUST-1293,Enterprise,299,2025-12-14,2025-09-15
CUST-1294,Starter,29,2025-04-09,2025-04-09
CUST-1294,Starter,29,2025-05-09,2025-04-09
CUST-1294,Starter,29,2025-06-08,2025-04-09
CUST-1294,Starter,29,2025-07-08,2025-04-09
CUST-1294,Starter,29,2025-08-07,2025-04-09
CUST-1295,Enterprise,299,2025-06-09,2025-06-09
CUST-1295,Enterprise,299,2025-07-09,2025-06-09
CUST-1295,Enterprise,299,2025-08-08,2025-06-09
CUST-1295,Enterprise,299,2025-09-07,2025-06-09
CUST-1295,Enterprise,299,2025-10-07,2025-06-09
CUST-1296,Professional,99,2025-10-28,2025-10-28
CUST-1296,Professional,99,2025-11-27,2025-10-28
CUST-1297,Professional,99,2025-05-01,2025-05-01
CUST-1297,Professional,99,2025-05-31,2025-05-01
CUST-1297,Professional,99,2025-06-30,2025-05-01
CUST-1297,Professional,99,2025-07-30,2025-05-01
CUST-1297,Professional,99,2025-08-29,2025-05-01
CUST-1298,Professional,99,2025-02-09,2025-02-09
CUST-1298,Professional,99,2025-03-11,2025-02-09
CUST-1298,Professional,99,2025-04-10,2025-02-09
CUST-1298,Professional,99,2025-05-10,2025-02-09
CUST-1298,Professional,99,2025-06-09,2025-02-09
CUST-1298,Professional,99,2025-07-09,2025-02-09
CUST-1298,Professional,99,2025-08-08,2025-02-09
CUST-1298,Professional,99,2025-09-07,2025-02-09
CUST-1299,Professional,99,2025-04-12,2025-04-12
CUST-1299,Professional,99,2025-05-12,2025-04-12
CUST-1299,Professional,99,2025-06-11,2025-04-12
CUST-1299,Professional,99,2025-07-11,2025-04-12
CUST-1299,Professional,99,2025-08-10,2025-04-12
CUST-1299,Professional,99,2025-09-09,2025-04-12
CUST-1299,Professional,99,2025-10-09,2025-04-12
