Tracking_ID,Vendor_Name,Destination_Zone,Dispatch_Date,Delivery_Date,Order_Value_INR
TRK100000,EcomExpress,Tier 3,2026-02-05,2026-02-11,8482
TRK100001,Delhivery,Tier 2,2026-02-15,2026-02-22,4607
TRK100002,Delhivery,Metro,2026-02-24,27/02/2026,1841
TRK100003,EcomExpress,Tier 3,2026-01-19,2026-01-25,8907
TRK100004,BlueDart,Metro,2026-02-18,2026-02-20,838
TRK100005,Delhivery,Tier 2,2026-01-18,2026-01-22,6395
TRK100006,Delhivery,Tier 3,2026-02-27,2026-03-05,3208
TRK100007,Delhivery,Tier 3,2026-01-10,2026-01-18,11844
TRK100008,EcomExpress,Tier 3,2026-01-06,2026-01-12,2250
TRK100009,Delhivery,Metro,2026-02-22,2026-02-25,6104
TRK100010,EcomExpress,Tier 2,26/02/2026,2026-03-02,2921
TRK100011,EcomExpress,Metro,2026-03-01,2026-03-06,7619
TRK100012,EcomExpress,Tier 3,2026-01-27,04/02/2026,9401
TRK100013,Delhivery,Metro,2026-01-26,2026-01-28,5819
TRK100014,EcomExpress,Tier 3,2026-01-24,2026-01-30,7109
TRK100015,BlueDart,Metro,2026-01-25,27/01/2026,5887
TRK100016,Delhivery,Tier 2,2026-01-24,2026-01-28,4493
TRK100017,Delhivery,Metro,02/01/2026,2026-01-04,9180
TRK100018,Delhivery,Metro,2026-03-01,03/03/2026,8544
TRK100019,Delhivery,Metro,2026-02-23,,8738
TRK100020,Delhivery,Metro,2026-02-11,2026-02-13,5373
TRK100021,EcomExpress,Tier 2,2026-02-20,2026-02-24,5306
TRK100022,EcomExpress,Tier 3,2026-01-09,2026-01-15,9092
TRK100023,Delhivery,Tier 3,2026-01-19,2026-01-25,6413
TRK100024,EcomExpress,Tier 3,14/02/2026,2026-02-20,7624
TRK100025,Delhivery,Tier 2,2026-02-18,2026-02-23,3657
TRK100026,EcomExpress,Tier 2,2026-01-31,2026-02-04,890
TRK100027,EcomExpress,Metro,2026-02-09,2026-02-11,4930
TRK100028,EcomExpress,Tier 2,2026-02-27,03/03/2026,9320
TRK100029,EcomExpress,Tier 3,2026-01-02,2026-01-08,8186
TRK100030,BlueDart,Tier 2,2026-01-14,2026-01-18,4732
TRK100031,Delhivery,Tier 3,2026-02-05,2026-02-11,11622
TRK100032,BlueDart,Tier 2,2026-02-08,2026-02-12,8507
TRK100033,EcomExpress,Tier 2,2026-01-28,2026-02-04,2021
TRK100034,BlueDart,Tier 3,2026-02-19,2026-02-28,9518
TRK100035,Delhivery,Tier 3,2026-01-16,2026-01-23,2000
TRK100036,Delhivery,Tier 2,2026-01-08,12/01/2026,7237
TRK100037,EcomExpress,Tier 2,16/01/2026,2026-01-20,3794
TRK100038,BlueDart,Metro,10/02/2026,2026-02-12,5585
TRK100039,BlueDart,Tier 3,2026-02-09,2026-02-15,2919
TRK100040,BlueDart,Metro,2026-01-05,2026-01-07,9626
TRK100041,Delhivery,Tier 2,23/02/2026,2026-02-27,3542
TRK100042,Delhivery,Tier 3,2026-02-08,2026-02-14,4997
TRK100043,BlueDart,Tier 2,2026-01-02,2026-01-08,1966
TRK100044,Delhivery,Tier 3,02/02/2026,,4061
TRK100045,Delhivery,Tier 2,2026-01-16,20/01/2026,1114
TRK100046,BlueDart,Metro,2026-01-10,2026-01-12,5892
TRK100047,Delhivery,Metro,2026-01-28,30/01/2026,8193
TRK100048,BlueDart,Metro,09/02/2026,2026-02-11,9874
TRK100049,BlueDart,Tier 3,2026-01-16,2026-01-22,3723
TRK100050,EcomExpress,Tier 3,2026-01-27,05/02/2026,7638
TRK100051,BlueDart,Tier 3,2026-02-12,2026-02-19,3167
TRK100052,Delhivery,Metro,2026-01-06,2026-01-11,8480
TRK100053,EcomExpress,Tier 3,2026-01-24,2026-02-01,630
TRK100054,BlueDart,Tier 2,2026-02-03,2026-02-07,3483
TRK100055,EcomExpress,Tier 3,2026-02-02,2026-02-11,4778
TRK100056,Delhivery,Metro,2026-02-02,2026-02-04,7626
TRK100057,BlueDart,Metro,2026-01-02,2026-01-04,8730
TRK100058,Delhivery,Tier 2,2026-02-25,01/03/2026,8194
TRK100059,EcomExpress,Tier 3,2026-01-03,2026-01-09,7140
TRK100060,BlueDart,Tier 3,2026-01-25,2026-01-31,5968
TRK100061,EcomExpress,Tier 2,2026-01-17,2026-01-21,1420
TRK100062,EcomExpress,Tier 2,2026-01-02,2026-01-08,8064
TRK100063,BlueDart,Metro,2026-02-20,2026-02-22,11461
TRK100064,EcomExpress,Tier 3,23/01/2026,,9184
TRK100065,Delhivery,Tier 2,2026-02-16,2026-02-20,9823
TRK100066,EcomExpress,Tier 3,10/02/2026,2026-02-16,9002
TRK100067,Delhivery,Tier 2,2026-02-19,24/02/2026,9430
TRK100068,Delhivery,Metro,2026-02-17,,3741
TRK100069,EcomExpress,Tier 2,22/01/2026,2026-01-31,1045
TRK100070,Delhivery,Tier 2,2026-01-03,08/01/2026,11153
TRK100071,BlueDart,Tier 2,2026-02-04,2026-02-08,4846
TRK100072,Delhivery,Tier 2,2026-02-22,2026-02-26,10496
TRK100073,Delhivery,Tier 2,2026-01-12,2026-01-17,11904
TRK100074,Delhivery,Tier 3,13/02/2026,2026-02-20,4310
TRK100075,BlueDart,Metro,14/02/2026,2026-02-17,7706
TRK100076,BlueDart,Metro,2026-02-10,2026-02-13,9505
TRK100077,BlueDart,Tier 2,2026-02-21,2026-02-25,2532
TRK100078,EcomExpress,Tier 2,05/01/2026,2026-01-09,8936
TRK100079,BlueDart,Tier 3,2026-02-19,25/02/2026,771
TRK100080,Delhivery,Tier 2,2026-01-03,2026-01-09,4011
TRK100081,BlueDart,Tier 2,13/01/2026,2026-01-17,2271
TRK100082,BlueDart,Tier 3,2026-02-20,2026-02-26,9954
TRK100083,Delhivery,Tier 2,2026-02-26,2026-03-02,11116
TRK100084,EcomExpress,Tier 3,21/01/2026,2026-01-27,4861
TRK100085,BlueDart,Metro,2026-02-02,2026-02-04,7569
TRK100086,EcomExpress,Tier 2,22/02/2026,2026-02-27,1420
TRK100087,EcomExpress,Metro,2026-01-31,2026-02-02,8690
TRK100088,EcomExpress,Tier 2,03/01/2026,2026-01-09,3930
TRK100089,Delhivery,Tier 2,2026-02-11,2026-02-15,4935
TRK100090,EcomExpress,Tier 2,2026-01-19,2026-01-23,11316
TRK100091,EcomExpress,Metro,2026-02-25,2026-02-28,4260
TRK100092,Delhivery,Tier 2,2026-01-04,09/01/2026,2550
TRK100093,EcomExpress,Tier 3,2026-01-22,2026-01-28,1665
TRK100094,EcomExpress,Metro,2026-01-08,2026-01-11,9067
TRK100095,Delhivery,Tier 3,2026-01-24,2026-01-30,2533
TRK100096,Delhivery,Tier 3,2026-02-26,2026-03-04,6967
TRK100097,BlueDart,Tier 2,17/02/2026,2026-02-21,645
TRK100098,BlueDart,Tier 2,27/02/2026,,4888
TRK100099,BlueDart,Metro,2026-01-22,2026-01-24,8332
TRK100100,EcomExpress,Metro,2026-02-01,2026-02-03,9123
TRK100101,EcomExpress,Tier 3,2026-02-01,2026-02-07,9396
TRK100102,EcomExpress,Tier 2,2026-03-01,2026-03-05,8673
TRK100103,Delhivery,Tier 3,2026-02-03,2026-02-09,3132
TRK100104,EcomExpress,Tier 2,21/02/2026,2026-02-27,4994
TRK100105,BlueDart,Tier 3,2026-02-16,2026-02-22,8556
TRK100106,Delhivery,Tier 2,06/01/2026,2026-01-10,8011
TRK100107,Delhivery,Metro,2026-02-08,2026-02-11,9655
TRK100108,Delhivery,Metro,2026-02-04,2026-02-06,10926
TRK100109,BlueDart,Tier 2,2026-01-21,2026-01-25,10733
TRK100110,BlueDart,Tier 3,2026-01-06,2026-01-12,2328
TRK100111,BlueDart,Metro,2026-02-12,2026-02-14,10800
TRK100112,Delhivery,Tier 2,2026-01-20,2026-01-27,9630
TRK100113,Delhivery,Tier 2,2026-02-08,,5305
TRK100114,EcomExpress,Tier 3,2026-01-28,2026-02-03,1306
TRK100115,EcomExpress,Tier 2,2026-02-14,2026-02-20,10155
TRK100116,BlueDart,Metro,2026-01-23,2026-01-26,7986
TRK100117,Delhivery,Metro,2026-01-03,2026-01-05,8702
TRK100118,EcomExpress,Tier 3,2026-02-25,2026-03-05,2368
TRK100119,BlueDart,Tier 3,09/02/2026,2026-02-15,8378
TRK100120,BlueDart,Metro,2026-01-18,2026-01-21,6190
TRK100121,EcomExpress,Tier 3,2026-02-20,2026-02-28,8327
TRK100122,BlueDart,Metro,2026-01-05,2026-01-07,5929
TRK100123,Delhivery,Tier 2,10/02/2026,2026-02-14,9576
TRK100124,BlueDart,Tier 3,2026-01-24,2026-01-30,4064
TRK100125,Delhivery,Metro,2026-02-21,23/02/2026,1889
TRK100126,Delhivery,Tier 3,2026-02-13,20/02/2026,7774
TRK100127,EcomExpress,Tier 2,2026-03-02,2026-03-08,1324
TRK100128,EcomExpress,Metro,2026-01-10,2026-01-12,2765
TRK100129,EcomExpress,Metro,2026-02-13,2026-02-15,1436
TRK100130,BlueDart,Metro,29/01/2026,2026-01-31,11492
TRK100131,EcomExpress,Tier 2,2026-01-09,2026-01-13,11245
TRK100132,EcomExpress,Metro,2026-01-16,,6902
TRK100133,BlueDart,Tier 3,2026-02-11,2026-02-17,4345
TRK100134,EcomExpress,Metro,2026-01-24,2026-01-29,2296
TRK100135,BlueDart,Tier 2,2026-03-02,2026-03-06,8745
TRK100136,BlueDart,Tier 3,2026-01-03,2026-01-09,7714
TRK100137,Delhivery,Tier 2,2026-01-10,15/01/2026,1226
TRK100138,Delhivery,Tier 3,29/01/2026,2026-02-04,3236
TRK100139,EcomExpress,Tier 3,24/01/2026,04/02/2026,11862
TRK100140,BlueDart,Tier 2,2026-02-18,2026-02-25,2413
TRK100141,Delhivery,Tier 2,06/02/2026,2026-02-10,10288
TRK100142,Delhivery,Tier 2,03/02/2026,2026-02-07,10606
TRK100143,Delhivery,Tier 2,2026-01-26,2026-01-30,8157
TRK100144,Delhivery,Metro,2026-02-11,2026-02-13,2966
TRK100145,EcomExpress,Tier 2,2026-01-16,2026-01-20,11429
TRK100146,Delhivery,Tier 3,2026-01-02,2026-01-08,9541
TRK100147,EcomExpress,Metro,2026-01-12,2026-01-14,10801
TRK100148,BlueDart,Tier 2,2026-02-03,2026-02-07,7812
TRK100149,EcomExpress,Metro,28/02/2026,2026-03-02,8694
TRK100150,Delhivery,Tier 3,2026-01-08,2026-01-16,8406
TRK100151,BlueDart,Tier 3,2026-02-19,2026-02-25,5376
TRK100152,BlueDart,Tier 3,2026-02-15,2026-02-21,7787
TRK100153,EcomExpress,Metro,2026-01-14,2026-01-16,1392
TRK100154,BlueDart,Metro,2026-01-19,2026-01-26,10722
TRK100155,EcomExpress,Tier 2,2026-02-28,2026-03-04,11852
TRK100156,BlueDart,Tier 2,2026-01-13,17/01/2026,11068
TRK100157,EcomExpress,Tier 2,2026-01-09,,5175
TRK100158,Delhivery,Tier 3,2026-01-29,2026-02-04,2433
TRK100159,EcomExpress,Tier 2,2026-02-27,2026-03-04,1880
TRK100160,EcomExpress,Metro,2026-01-29,2026-01-31,1790
TRK100161,Delhivery,Tier 2,2026-02-21,2026-02-25,2140
TRK100162,EcomExpress,Tier 3,24/02/2026,2026-03-02,7990
TRK100163,EcomExpress,Tier 2,2026-02-12,2026-02-16,11374
TRK100164,BlueDart,Tier 3,2026-02-15,2026-02-21,9679
TRK100165,EcomExpress,Tier 3,2026-02-05,2026-02-13,1718
TRK100166,BlueDart,Tier 3,19/01/2026,2026-01-25,5516
TRK100167,Delhivery,Tier 2,24/02/2026,2026-02-28,7381
TRK100168,BlueDart,Metro,2026-02-15,2026-02-17,10047
TRK100169,BlueDart,Tier 2,2026-03-01,2026-03-05,10252
TRK100170,Delhivery,Tier 3,2026-02-10,2026-02-16,10110
TRK100171,BlueDart,Tier 2,2026-02-20,2026-02-24,1454
TRK100172,Delhivery,Tier 2,2026-02-02,2026-02-06,9675
TRK100173,EcomExpress,Tier 2,2026-01-08,2026-01-12,7791
TRK100174,EcomExpress,Tier 3,20/02/2026,2026-02-26,1474
TRK100175,BlueDart,Tier 3,2026-01-16,2026-01-22,4633
TRK100176,EcomExpress,Tier 2,2026-02-01,2026-02-05,5870
TRK100177,Delhivery,Tier 2,2026-01-24,2026-01-28,4472
TRK100178,EcomExpress,Tier 2,2026-02-06,2026-02-13,5795
TRK100179,Delhivery,Metro,2026-01-30,01/02/2026,9605
TRK100180,EcomExpress,Tier 3,2026-02-05,2026-02-11,8728
TRK100181,BlueDart,Metro,2026-02-09,2026-02-11,10403
TRK100182,EcomExpress,Tier 3,2026-01-05,2026-01-14,3520
TRK100183,EcomExpress,Tier 2,26/01/2026,2026-02-01,9487
TRK100184,EcomExpress,Metro,2026-02-16,2026-02-18,4536
TRK100185,Delhivery,Tier 2,2026-02-03,2026-02-07,5568
TRK100186,Delhivery,Metro,2026-02-19,2026-02-22,5733
TRK100187,BlueDart,Tier 2,2026-02-22,26/02/2026,11803
TRK100188,Delhivery,Tier 3,05/01/2026,2026-01-11,10016
TRK100189,EcomExpress,Tier 2,2026-01-21,,817
TRK100190,EcomExpress,Tier 3,2026-01-05,2026-01-11,2896
TRK100191,Delhivery,Tier 2,30/01/2026,2026-02-05,2662
TRK100192,EcomExpress,Tier 2,2026-02-03,2026-02-09,3245
TRK100193,BlueDart,Tier 3,2026-01-09,2026-01-15,2091
TRK100194,BlueDart,Tier 3,05/02/2026,,11803
TRK100195,Delhivery,Metro,2026-02-07,2026-02-09,6683
TRK100196,Delhivery,Tier 2,2026-02-19,2026-02-24,4430
TRK100197,BlueDart,Metro,2026-01-28,2026-02-01,10688
TRK100198,BlueDart,Metro,2026-02-28,04/03/2026,1812
TRK100199,Delhivery,Tier 3,2026-02-23,2026-03-02,9977
TRK100200,Delhivery,Tier 3,2026-02-03,2026-02-09,4811
TRK100201,Delhivery,Tier 2,20/01/2026,2026-01-24,7814
TRK100202,EcomExpress,Metro,2026-01-11,13/01/2026,2883
TRK100203,Delhivery,Tier 2,2026-03-01,2026-03-07,3739
TRK100204,Delhivery,Metro,2026-01-15,2026-01-17,2639
TRK100205,EcomExpress,Tier 3,2026-03-02,2026-03-08,2204
TRK100206,BlueDart,Tier 2,27/02/2026,2026-03-03,7424
TRK100207,Delhivery,Metro,2026-02-24,2026-02-26,862
TRK100208,EcomExpress,Tier 3,2026-01-17,2026-01-23,3104
TRK100209,Delhivery,Metro,2026-02-10,2026-02-12,10408
TRK100210,Delhivery,Tier 2,2026-01-18,2026-01-22,4786
TRK100211,EcomExpress,Tier 3,2026-02-10,2026-02-16,4238
TRK100212,BlueDart,Metro,2026-02-09,2026-02-11,2969
TRK100213,EcomExpress,Metro,2026-01-06,08/01/2026,5295
TRK100214,Delhivery,Tier 2,2026-02-11,2026-02-16,6650
TRK100215,BlueDart,Tier 2,2026-02-07,2026-02-11,1056
TRK100216,EcomExpress,Tier 2,2026-01-10,2026-01-14,9517
TRK100217,EcomExpress,Tier 3,2026-02-12,2026-02-19,3308
TRK100218,BlueDart,Tier 3,2026-02-16,2026-02-22,5650
TRK100219,Delhivery,Tier 2,2026-01-22,2026-01-28,8061
TRK100220,EcomExpress,Tier 3,2026-01-03,2026-01-09,3219
TRK100221,EcomExpress,Metro,2026-01-06,2026-01-08,7006
TRK100222,EcomExpress,Tier 2,02/03/2026,2026-03-06,4241
TRK100223,Delhivery,Tier 3,2026-02-19,2026-02-25,10266
TRK100224,EcomExpress,Tier 3,2026-01-17,2026-01-23,4498
TRK100225,BlueDart,Tier 2,2026-01-14,2026-01-18,10821
TRK100226,BlueDart,Tier 2,2026-02-06,2026-02-15,2903
TRK100227,EcomExpress,Tier 3,2026-02-09,2026-02-15,9280
TRK100228,EcomExpress,Tier 3,2026-01-02,2026-01-10,10704
TRK100229,BlueDart,Tier 2,2026-02-26,2026-03-02,10239
TRK100230,BlueDart,Tier 3,04/02/2026,2026-02-11,794
TRK100231,EcomExpress,Metro,2026-02-11,2026-02-13,10677
TRK100232,BlueDart,Tier 3,2026-01-31,06/02/2026,5843
TRK100233,Delhivery,Metro,2026-02-21,2026-02-23,11809
TRK100234,Delhivery,Metro,2026-02-13,2026-02-15,10382
TRK100235,Delhivery,Tier 3,2026-01-20,2026-01-27,1636
TRK100236,Delhivery,Tier 3,05/01/2026,2026-01-11,2564
TRK100237,BlueDart,Tier 2,2026-01-04,2026-01-08,7509
TRK100238,Delhivery,Metro,2026-01-29,2026-01-31,5043
TRK100239,EcomExpress,Tier 3,2026-01-31,2026-02-06,1507
TRK100240,EcomExpress,Metro,2026-01-14,19/01/2026,5945
TRK100241,Delhivery,Tier 2,2026-02-08,15/02/2026,11206
TRK100242,EcomExpress,Metro,2026-01-21,2026-01-25,5852
TRK100243,Delhivery,Tier 3,2026-01-21,2026-01-27,9939
TRK100244,Delhivery,Tier 3,2026-02-25,,1935
TRK100245,Delhivery,Metro,2026-01-26,2026-01-31,1071
TRK100246,EcomExpress,Tier 2,2026-02-18,22/02/2026,2882
TRK100247,EcomExpress,Metro,2026-02-02,2026-02-07,9937
TRK100248,Delhivery,Tier 3,2026-01-07,2026-01-16,10776
TRK100249,Delhivery,Tier 2,16/01/2026,2026-01-22,5584
TRK100250,Delhivery,Metro,2026-01-08,2026-01-10,777
TRK100251,Delhivery,Metro,2026-01-29,2026-01-31,7559
TRK100252,BlueDart,Tier 2,2026-01-10,2026-01-16,2387
TRK100253,Delhivery,Metro,2026-01-04,2026-01-06,1765
TRK100254,EcomExpress,Tier 2,2026-03-02,2026-03-06,7991
TRK100255,Delhivery,Tier 2,2026-02-25,2026-03-01,1540
TRK100256,BlueDart,Tier 2,27/01/2026,2026-02-03,9609
TRK100257,EcomExpress,Tier 2,2026-02-25,01/03/2026,8573
TRK100258,BlueDart,Metro,2026-02-22,24/02/2026,9577
TRK100259,Delhivery,Metro,2026-03-01,2026-03-03,3252
TRK100260,EcomExpress,Tier 3,16/02/2026,2026-02-22,8713
TRK100261,Delhivery,Tier 2,2026-01-13,2026-01-22,5069
TRK100262,EcomExpress,Tier 3,2026-01-11,2026-01-17,11883
TRK100263,EcomExpress,Tier 3,2026-02-02,2026-02-08,6853
TRK100264,EcomExpress,Metro,01/02/2026,2026-02-05,2853
TRK100265,BlueDart,Metro,2026-02-01,2026-02-04,7937
TRK100266,Delhivery,Metro,2026-01-06,2026-01-08,5299
TRK100267,BlueDart,Metro,02/02/2026,05/02/2026,1186
TRK100268,BlueDart,Tier 3,2026-01-16,2026-01-22,8976
TRK100269,Delhivery,Tier 2,2026-02-07,2026-02-11,5311
TRK100270,Delhivery,Tier 3,2026-01-04,2026-01-11,9454
TRK100271,Delhivery,Tier 3,2026-01-19,2026-01-26,5846
TRK100272,EcomExpress,Metro,2026-02-08,2026-02-12,5543
TRK100273,BlueDart,Tier 2,2026-02-13,2026-02-19,2928
TRK100274,BlueDart,Tier 3,19/01/2026,2026-01-25,11199
TRK100275,BlueDart,Metro,01/01/2026,03/01/2026,5626
TRK100276,BlueDart,Metro,28/01/2026,2026-01-31,8720
TRK100277,BlueDart,Tier 2,2026-02-26,02/03/2026,9598
TRK100278,EcomExpress,Tier 3,16/02/2026,2026-02-23,11796
TRK100279,Delhivery,Tier 2,2026-02-18,2026-02-23,8313
TRK100280,EcomExpress,Tier 2,2026-01-24,30/01/2026,11686
TRK100281,EcomExpress,Tier 2,2026-01-26,2026-01-30,11198
TRK100282,EcomExpress,Tier 3,2026-02-06,2026-02-12,10145
TRK100283,Delhivery,Metro,2026-01-13,2026-01-15,3856
TRK100284,Delhivery,Tier 2,2026-02-05,2026-02-09,9207
TRK100285,BlueDart,Tier 2,2026-01-05,2026-01-09,7766
TRK100286,EcomExpress,Tier 3,2026-02-02,2026-02-08,7040
TRK100287,BlueDart,Tier 3,2026-02-18,24/02/2026,538
TRK100288,Delhivery,Metro,2026-01-18,2026-01-20,3842
TRK100289,Delhivery,Metro,2026-02-13,,9578
TRK100290,Delhivery,Tier 2,08/01/2026,2026-01-12,3344
TRK100291,Delhivery,Tier 2,2026-01-07,2026-01-11,10896
TRK100292,EcomExpress,Tier 3,2026-01-24,01/02/2026,1598
TRK100293,BlueDart,Tier 2,2026-01-22,2026-01-26,7527
TRK100294,Delhivery,Tier 3,2026-03-02,2026-03-08,2323
TRK100295,BlueDart,Tier 2,2026-02-18,2026-02-22,11893
TRK100296,Delhivery,Tier 3,2026-01-13,2026-01-20,3655
TRK100297,BlueDart,Tier 2,2026-02-02,2026-02-06,3593
TRK100298,BlueDart,Tier 2,2026-02-02,2026-02-06,6158
TRK100299,Delhivery,Tier 2,2026-01-03,2026-01-07,4278
TRK100300,Delhivery,Metro,2026-01-09,2026-01-11,3396
TRK100301,BlueDart,Tier 2,2026-01-22,26/01/2026,1488
TRK100302,EcomExpress,Tier 2,2026-01-31,04/02/2026,4616
TRK100303,Delhivery,Metro,30/01/2026,2026-02-01,6946
TRK100304,Delhivery,Metro,2026-02-08,2026-02-11,4679
TRK100305,EcomExpress,Tier 2,2026-01-09,2026-01-18,2182
TRK100306,EcomExpress,Tier 3,2026-03-01,2026-03-07,6126
TRK100307,Delhivery,Tier 2,2026-01-21,2026-01-25,7924
TRK100308,Delhivery,Tier 3,26/01/2026,2026-02-02,1433
TRK100309,Delhivery,Tier 2,2026-02-17,2026-02-21,4098
TRK100310,Delhivery,Tier 3,2026-02-07,2026-02-13,11925
TRK100311,BlueDart,Tier 2,02/02/2026,2026-02-06,2480
TRK100312,BlueDart,Metro,2026-02-04,2026-02-06,10547
TRK100313,BlueDart,Tier 3,2026-02-15,2026-02-24,3556
TRK100314,Delhivery,Tier 2,2026-01-20,2026-01-26,9484
TRK100315,BlueDart,Tier 2,2026-02-22,2026-02-26,1291
TRK100316,Delhivery,Metro,2026-01-24,2026-01-26,10501
TRK100317,Delhivery,Tier 3,2026-02-13,2026-02-19,5890
TRK100318,BlueDart,Tier 3,27/01/2026,2026-02-02,7135
TRK100319,Delhivery,Tier 3,2026-01-20,2026-01-26,2755
TRK100320,BlueDart,Metro,2026-02-27,2026-03-01,4110
TRK100321,BlueDart,Tier 3,2026-02-25,2026-03-04,2107
TRK100322,BlueDart,Tier 3,2026-02-10,2026-02-16,5679
TRK100323,BlueDart,Tier 2,2026-02-08,2026-02-12,7073
TRK100324,BlueDart,Tier 2,2026-01-17,2026-01-24,1484
TRK100325,EcomExpress,Metro,20/02/2026,2026-02-23,6276
TRK100326,EcomExpress,Tier 3,07/02/2026,13/02/2026,4176
TRK100327,EcomExpress,Tier 2,2026-01-15,19/01/2026,3880
TRK100328,EcomExpress,Metro,2026-01-04,,9211
TRK100329,EcomExpress,Tier 3,31/01/2026,,9282
TRK100330,BlueDart,Metro,2026-02-03,,1550
TRK100331,Delhivery,Tier 3,2026-02-16,23/02/2026,4133
TRK100332,Delhivery,Tier 2,2026-02-19,2026-02-23,6842
TRK100333,BlueDart,Tier 3,2026-01-10,16/01/2026,1459
TRK100334,Delhivery,Tier 3,2026-01-16,2026-01-22,6559
TRK100335,Delhivery,Tier 3,2026-02-06,2026-02-12,9384
TRK100336,EcomExpress,Tier 3,2026-01-08,2026-01-16,6155
TRK100337,EcomExpress,Metro,02/01/2026,2026-01-05,4973
TRK100338,EcomExpress,Tier 3,21/01/2026,2026-01-27,3446
TRK100339,Delhivery,Metro,2026-01-10,2026-01-12,8225
TRK100340,EcomExpress,Tier 3,2026-02-14,2026-02-20,1026
TRK100341,BlueDart,Tier 3,27/01/2026,2026-02-02,3724
TRK100342,Delhivery,Metro,2026-02-19,2026-02-21,10945
TRK100343,Delhivery,Tier 2,2026-02-28,2026-03-04,2375
TRK100344,EcomExpress,Tier 2,2026-02-25,2026-03-01,2263
TRK100345,BlueDart,Metro,16/02/2026,18/02/2026,9212
TRK100346,EcomExpress,Tier 3,2026-02-15,2026-02-21,6297
TRK100347,EcomExpress,Tier 2,2026-02-03,2026-02-07,9708
TRK100348,Delhivery,Tier 3,2026-02-05,2026-02-11,7599
TRK100349,Delhivery,Metro,2026-02-12,2026-02-14,5609
TRK100350,EcomExpress,Metro,2026-02-03,2026-02-05,7144
TRK100351,Delhivery,Tier 2,21/01/2026,27/01/2026,616
TRK100352,Delhivery,Tier 2,2026-01-30,2026-02-03,2933
TRK100353,Delhivery,Tier 3,2026-01-22,2026-01-28,5963
TRK100354,EcomExpress,Tier 2,2026-01-23,2026-01-27,1083
TRK100355,Delhivery,Metro,2026-02-19,2026-02-21,9086
TRK100356,EcomExpress,Metro,2026-02-13,2026-02-15,4288
TRK100357,Delhivery,Metro,2026-02-21,2026-02-23,11460
TRK100358,BlueDart,Tier 3,17/01/2026,2026-01-26,4667
TRK100359,Delhivery,Tier 2,2026-01-31,2026-02-04,8965
TRK100360,EcomExpress,Tier 3,2026-01-16,2026-01-22,10705
TRK100361,Delhivery,Tier 3,2026-02-05,2026-02-11,1889
TRK100362,EcomExpress,Tier 2,2026-01-15,19/01/2026,8857
TRK100363,EcomExpress,Metro,2026-02-19,2026-02-21,10259
TRK100364,Delhivery,Tier 2,15/02/2026,2026-02-22,6654
TRK100365,EcomExpress,Tier 2,2026-02-14,2026-02-18,5920
TRK100366,Delhivery,Tier 2,01/02/2026,08/02/2026,9420
TRK100367,BlueDart,Tier 3,2026-01-31,08/02/2026,2543
TRK100368,EcomExpress,Tier 2,2026-02-05,09/02/2026,4697
TRK100369,EcomExpress,Metro,2026-02-16,2026-02-18,3996
TRK100370,EcomExpress,Tier 2,2026-01-19,23/01/2026,1278
TRK100371,EcomExpress,Metro,2026-02-06,2026-02-08,713
TRK100372,BlueDart,Metro,2026-02-04,,4262
TRK100373,BlueDart,Metro,2026-02-27,2026-03-01,10268
TRK100374,Delhivery,Tier 3,2026-02-22,2026-02-28,11140
TRK100375,EcomExpress,Tier 3,2026-02-19,2026-02-25,7231
TRK100376,EcomExpress,Tier 3,2026-01-10,2026-01-18,11628
TRK100377,BlueDart,Tier 2,2026-01-03,2026-01-07,3617
TRK100378,Delhivery,Tier 3,2026-02-15,2026-02-22,6291
TRK100379,BlueDart,Tier 2,2026-01-23,2026-01-27,9283
TRK100380,BlueDart,Metro,2026-02-11,2026-02-13,3220
TRK100381,Delhivery,Tier 2,2026-02-17,2026-02-21,9405
TRK100382,EcomExpress,Metro,2026-01-14,2026-01-16,9627
TRK100383,EcomExpress,Tier 2,2026-02-22,2026-02-28,6547
TRK100384,BlueDart,Tier 3,2026-01-18,2026-01-25,8532
TRK100385,BlueDart,Metro,2026-02-14,2026-02-17,501
TRK100386,BlueDart,Tier 2,09/01/2026,2026-01-13,6868
TRK100387,Delhivery,Tier 2,2026-02-09,2026-02-13,11540
TRK100388,Delhivery,Tier 3,2026-02-07,,2449
TRK100389,BlueDart,Tier 3,2026-01-16,2026-01-23,7232
TRK100390,EcomExpress,Tier 3,2026-02-12,2026-02-23,8333
TRK100391,EcomExpress,Tier 2,2026-01-15,2026-01-19,1417
TRK100392,Delhivery,Tier 3,15/01/2026,2026-01-21,3674
TRK100393,Delhivery,Tier 2,2026-01-07,2026-01-12,10933
TRK100394,EcomExpress,Tier 3,2026-01-22,2026-01-28,7514
TRK100395,Delhivery,Tier 2,2026-01-31,2026-02-07,589
TRK100396,EcomExpress,Metro,2026-02-13,,2209
TRK100397,BlueDart,Tier 3,09/01/2026,2026-01-15,10861
TRK100398,Delhivery,Metro,2026-02-05,2026-02-08,3541
TRK100399,BlueDart,Tier 2,2026-01-27,2026-02-01,605
TRK100400,Delhivery,Metro,2026-03-01,2026-03-03,9578
TRK100401,Delhivery,Tier 3,2026-01-31,2026-02-08,9119
TRK100402,BlueDart,Tier 3,2026-01-13,2026-01-19,2395
TRK100403,BlueDart,Tier 2,2026-01-19,2026-01-25,6590
TRK100404,Delhivery,Tier 3,2026-01-19,2026-01-25,9008
TRK100405,BlueDart,Metro,2026-01-04,08/01/2026,6582
TRK100406,EcomExpress,Tier 3,2026-01-06,2026-01-12,1134
TRK100407,EcomExpress,Metro,2026-02-06,08/02/2026,2425
TRK100408,BlueDart,Tier 3,2026-02-04,2026-02-12,2556
TRK100409,EcomExpress,Tier 2,2026-02-16,2026-02-20,7417
TRK100410,EcomExpress,Tier 3,28/02/2026,2026-03-06,3644
TRK100411,EcomExpress,Tier 2,2026-01-27,2026-02-03,10962
TRK100412,Delhivery,Tier 3,2026-03-01,2026-03-10,10131
TRK100413,EcomExpress,Tier 2,2026-02-23,27/02/2026,1052
TRK100414,EcomExpress,Metro,2026-02-20,2026-02-22,9407
TRK100415,BlueDart,Metro,2026-01-12,2026-01-14,5883
TRK100416,EcomExpress,Metro,2026-02-25,2026-02-27,4411
TRK100417,Delhivery,Metro,2026-02-26,2026-02-28,10405
TRK100418,Delhivery,Tier 2,2026-01-01,2026-01-05,3889
TRK100419,BlueDart,Tier 2,2026-02-06,,9799
TRK100420,Delhivery,Metro,2026-01-07,2026-01-10,8942
TRK100421,Delhivery,Metro,19/01/2026,2026-01-22,2930
TRK100422,EcomExpress,Metro,2026-02-11,2026-02-13,10746
TRK100423,EcomExpress,Tier 3,2026-02-03,2026-02-09,958
TRK100424,Delhivery,Metro,2026-02-26,2026-02-28,707
TRK100425,BlueDart,Tier 2,24/02/2026,2026-02-28,1399
TRK100426,BlueDart,Tier 2,2026-01-30,2026-02-03,521
TRK100427,EcomExpress,Tier 2,2026-01-13,2026-01-19,9101
TRK100428,Delhivery,Tier 3,08/01/2026,2026-01-14,1394
TRK100429,EcomExpress,Tier 3,2026-01-11,2026-01-17,1014
TRK100430,BlueDart,Tier 3,2026-01-30,2026-02-05,7794
TRK100431,Delhivery,Tier 3,2026-01-17,2026-01-24,5404
TRK100432,EcomExpress,Tier 2,2026-01-12,2026-01-16,8367
TRK100433,EcomExpress,Tier 3,17/02/2026,2026-02-23,4609
TRK100434,BlueDart,Tier 3,2026-02-20,2026-02-26,7679
TRK100435,EcomExpress,Tier 3,2026-02-06,2026-02-13,10826
TRK100436,BlueDart,Metro,2026-02-18,2026-02-20,11648
TRK100437,BlueDart,Tier 2,2026-01-12,18/01/2026,2060
TRK100438,Delhivery,Tier 3,2026-02-24,2026-03-03,1766
TRK100439,Delhivery,Metro,2026-02-27,01/03/2026,10861
TRK100440,EcomExpress,Tier 2,2026-02-22,2026-02-26,4138
TRK100441,BlueDart,Tier 3,2026-02-02,2026-02-13,9441
TRK100442,BlueDart,Tier 2,2026-01-06,2026-01-10,3927
TRK100443,Delhivery,Tier 2,12/02/2026,2026-02-16,5280
TRK100444,Delhivery,Metro,2026-01-12,2026-01-15,2427
TRK100445,BlueDart,Tier 3,31/01/2026,09/02/2026,2856
TRK100446,Delhivery,Tier 2,2026-03-01,2026-03-10,5290
TRK100447,EcomExpress,Metro,2026-01-01,2026-01-04,11027
TRK100448,BlueDart,Tier 2,2026-01-25,2026-01-29,806
TRK100449,Delhivery,Tier 2,2026-01-29,2026-02-02,8479
TRK100450,EcomExpress,Metro,2026-01-18,2026-01-21,4165
TRK100451,BlueDart,Tier 2,2026-01-20,2026-01-24,10681
TRK100452,EcomExpress,Metro,2026-02-16,2026-02-18,7557
TRK100453,EcomExpress,Tier 3,2026-01-01,2026-01-09,1161
TRK100454,BlueDart,Tier 2,2026-02-11,15/02/2026,5144
TRK100455,EcomExpress,Tier 3,2026-02-14,20/02/2026,9003
TRK100456,Delhivery,Tier 3,2026-01-04,2026-01-10,3420
TRK100457,Delhivery,Tier 2,2026-01-08,2026-01-12,9774
TRK100458,Delhivery,Metro,2026-01-20,2026-01-22,11663
TRK100459,EcomExpress,Tier 2,2026-01-26,30/01/2026,9446
TRK100460,Delhivery,Tier 2,2026-02-02,2026-02-06,6736
TRK100461,EcomExpress,Metro,19/02/2026,21/02/2026,6578
TRK100462,Delhivery,Metro,2026-02-14,2026-02-17,852
TRK100463,BlueDart,Tier 2,2026-02-10,2026-02-14,9594
TRK100464,EcomExpress,Metro,2026-01-24,2026-01-29,7505
TRK100465,EcomExpress,Tier 3,2026-01-15,2026-01-21,658
TRK100466,Delhivery,Metro,2026-01-09,2026-01-11,10669
TRK100467,BlueDart,Tier 3,2026-01-10,18/01/2026,1456
TRK100468,Delhivery,Tier 3,17/02/2026,2026-02-23,2571
TRK100469,Delhivery,Tier 3,2026-01-24,2026-02-02,9095
TRK100470,BlueDart,Metro,2026-02-14,2026-02-16,11471
TRK100471,BlueDart,Metro,2026-02-28,05/03/2026,10079
TRK100472,Delhivery,Tier 2,2026-02-18,2026-02-22,3953
TRK100473,BlueDart,Metro,2026-02-21,2026-02-25,7175
TRK100474,Delhivery,Metro,2026-02-22,2026-02-24,1455
TRK100475,EcomExpress,Tier 3,18/02/2026,2026-03-01,6795
TRK100476,Delhivery,Metro,2026-02-13,2026-02-15,2212
TRK100477,EcomExpress,Metro,2026-02-08,2026-02-10,5203
TRK100478,Delhivery,Tier 3,2026-01-06,2026-01-15,7063
TRK100479,BlueDart,Metro,2026-01-29,2026-01-31,9965
TRK100480,EcomExpress,Tier 3,2026-02-15,2026-02-21,6131
TRK100481,BlueDart,Metro,05/01/2026,2026-01-07,11317
TRK100482,EcomExpress,Metro,2026-01-08,2026-01-10,11074
TRK100483,EcomExpress,Tier 2,2026-02-23,2026-02-27,10133
TRK100484,Delhivery,Metro,2026-02-27,2026-03-01,11671
TRK100485,Delhivery,Tier 3,2026-01-13,2026-01-21,10489
TRK100486,Delhivery,Metro,2026-02-04,2026-02-06,1894
TRK100487,Delhivery,Tier 2,2026-01-11,2026-01-15,9961
TRK100488,BlueDart,Metro,24/02/2026,2026-03-01,5232
TRK100489,Delhivery,Metro,2026-01-29,02/02/2026,4214
TRK100490,Delhivery,Tier 3,13/02/2026,2026-02-19,1029
TRK100491,EcomExpress,Tier 2,15/02/2026,2026-02-19,3458
TRK100492,BlueDart,Metro,2026-02-01,2026-02-03,8404
TRK100493,BlueDart,Metro,2026-02-27,2026-03-01,11606
TRK100494,EcomExpress,Tier 3,2026-01-29,04/02/2026,4091
TRK100495,EcomExpress,Metro,2026-01-04,06/01/2026,10839
TRK100496,Delhivery,Metro,2026-01-09,2026-01-11,7395
TRK100497,BlueDart,Metro,2026-01-27,2026-01-29,9631
TRK100498,Delhivery,Tier 2,2026-02-06,15/02/2026,1025
TRK100499,EcomExpress,Metro,05/02/2026,2026-02-12,6977
TRK100500,Delhivery,Tier 3,2026-02-13,2026-02-19,501
TRK100501,BlueDart,Tier 2,2026-01-20,24/01/2026,874
TRK100502,Delhivery,Metro,2026-01-02,2026-01-04,11032
TRK100503,BlueDart,Metro,2026-01-17,20/01/2026,11744
TRK100504,Delhivery,Tier 2,2026-02-17,2026-02-21,5148
TRK100505,Delhivery,Metro,07/02/2026,2026-02-09,2865
TRK100506,BlueDart,Metro,2026-01-03,2026-01-07,2025
TRK100507,BlueDart,Tier 3,2026-01-23,2026-01-31,2146
TRK100508,BlueDart,Tier 2,2026-01-05,2026-01-12,513
TRK100509,Delhivery,Tier 3,2026-01-04,,5099
TRK100510,Delhivery,Metro,01/03/2026,2026-03-03,2778
TRK100511,Delhivery,Tier 3,2026-01-03,09/01/2026,3655
TRK100512,EcomExpress,Metro,2026-01-27,2026-02-01,8821
TRK100513,Delhivery,Tier 2,2026-02-19,2026-02-25,4314
TRK100514,BlueDart,Tier 2,2026-02-19,2026-02-23,3716
TRK100515,BlueDart,Tier 2,2026-02-16,2026-02-20,11630
TRK100516,BlueDart,Tier 3,27/01/2026,2026-02-02,10732
TRK100517,Delhivery,Tier 3,2026-02-27,2026-03-06,8719
TRK100518,BlueDart,Metro,2026-01-29,2026-02-05,2613
TRK100519,BlueDart,Tier 2,2026-01-25,2026-01-29,9944
TRK100520,EcomExpress,Tier 3,13/02/2026,2026-02-19,4856
TRK100521,EcomExpress,Metro,2026-02-25,27/02/2026,10738
TRK100522,BlueDart,Tier 3,2026-01-09,18/01/2026,6043
TRK100523,EcomExpress,Metro,2026-02-25,2026-03-01,5055
TRK100524,EcomExpress,Tier 3,2026-01-08,2026-01-16,7562
TRK100525,BlueDart,Tier 3,04/02/2026,2026-02-10,3874
TRK100526,Delhivery,Tier 3,2026-02-03,2026-02-09,6930
TRK100527,Delhivery,Tier 2,2026-02-16,2026-02-20,3966
TRK100528,BlueDart,Tier 2,2026-02-23,2026-02-27,3581
TRK100529,Delhivery,Tier 3,2026-02-18,2026-02-26,1129
TRK100530,EcomExpress,Metro,2026-01-20,2026-01-23,769
TRK100531,BlueDart,Metro,2026-02-13,2026-02-20,11331
TRK100532,Delhivery,Tier 2,2026-02-04,2026-02-13,10685
TRK100533,Delhivery,Tier 2,2026-02-04,08/02/2026,6224
TRK100534,EcomExpress,Tier 2,22/02/2026,27/02/2026,6397
TRK100535,BlueDart,Tier 3,2026-01-16,,11583
TRK100536,BlueDart,Metro,2026-01-23,,3932
TRK100537,EcomExpress,Tier 2,2026-01-18,2026-01-22,9972
TRK100538,BlueDart,Tier 3,2026-03-01,2026-03-07,6776
TRK100539,BlueDart,Tier 2,2026-02-18,2026-02-22,6395
TRK100540,EcomExpress,Metro,2026-01-03,2026-01-08,7615
TRK100541,EcomExpress,Metro,2026-02-12,2026-02-14,7156
TRK100542,Delhivery,Tier 2,2026-02-09,2026-02-13,11052
TRK100543,BlueDart,Tier 3,2026-03-01,2026-03-07,1075
TRK100544,EcomExpress,Metro,16/01/2026,2026-01-18,7529
TRK100545,Delhivery,Metro,2026-01-05,2026-01-07,6599
TRK100546,BlueDart,Metro,2026-02-08,2026-02-10,9999
TRK100547,Delhivery,Tier 2,29/01/2026,2026-02-02,3692
TRK100548,EcomExpress,Tier 3,2026-02-13,2026-02-19,3678
TRK100549,BlueDart,Tier 3,2026-02-25,2026-03-04,6552
TRK100550,Delhivery,Tier 3,2026-01-16,2026-01-22,3234
TRK100551,EcomExpress,Tier 3,2026-01-03,,6616
TRK100552,EcomExpress,Tier 3,2026-01-29,2026-02-04,10904
TRK100553,EcomExpress,Tier 2,04/02/2026,2026-02-08,11044
TRK100554,EcomExpress,Tier 2,2026-02-18,2026-02-24,4068
TRK100555,EcomExpress,Tier 3,2026-01-04,2026-01-10,10347
TRK100556,EcomExpress,Tier 3,2026-02-02,2026-02-08,10271
TRK100557,EcomExpress,Tier 2,2026-01-15,2026-01-19,2703
TRK100558,Delhivery,Tier 2,2026-02-06,2026-02-11,1890
TRK100559,BlueDart,Tier 3,2026-02-06,2026-02-12,2242
TRK100560,BlueDart,Tier 3,2026-02-19,2026-02-26,2425
TRK100561,Delhivery,Tier 2,2026-02-22,2026-02-26,1119
TRK100562,EcomExpress,Metro,2026-01-16,2026-01-18,1774
TRK100563,BlueDart,Tier 3,26/02/2026,2026-03-04,1456
TRK100564,EcomExpress,Metro,2026-02-12,,2439
TRK100565,BlueDart,Tier 3,2026-01-15,2026-01-21,4453
TRK100566,EcomExpress,Tier 3,20/01/2026,2026-01-26,11073
TRK100567,Delhivery,Tier 3,2026-01-04,2026-01-10,1468
TRK100568,EcomExpress,Tier 3,2026-03-02,2026-03-10,10008
TRK100569,BlueDart,Metro,2026-02-26,2026-02-28,9735
TRK100570,EcomExpress,Tier 2,2026-02-28,2026-03-04,781
TRK100571,BlueDart,Tier 2,2026-02-10,2026-02-15,11536
TRK100572,EcomExpress,Metro,2026-01-28,30/01/2026,6762
TRK100573,BlueDart,Tier 2,2026-02-01,05/02/2026,1558
TRK100574,BlueDart,Tier 2,2026-01-23,29/01/2026,4793
TRK100575,BlueDart,Tier 2,2026-02-12,2026-02-19,11224
TRK100576,EcomExpress,Tier 2,2026-02-20,2026-02-24,5678
TRK100577,BlueDart,Tier 2,2026-01-21,28/01/2026,7480
TRK100578,EcomExpress,Tier 3,2026-01-27,2026-02-02,9700
TRK100579,Delhivery,Metro,2026-01-10,12/01/2026,1729
TRK100580,Delhivery,Tier 2,25/01/2026,29/01/2026,9727
TRK100581,BlueDart,Tier 2,2026-02-18,2026-02-27,5085
TRK100582,EcomExpress,Tier 2,2026-01-31,2026-02-04,8967
TRK100583,BlueDart,Tier 3,2026-02-24,2026-03-02,3240
TRK100584,EcomExpress,Tier 2,2026-01-20,2026-01-24,2789
TRK100585,EcomExpress,Tier 2,2026-01-10,2026-01-14,1739
TRK100586,Delhivery,Metro,2026-01-30,2026-02-01,5870
TRK100587,EcomExpress,Tier 3,2026-02-05,2026-02-11,625
TRK100588,EcomExpress,Tier 2,27/01/2026,2026-01-31,7973
TRK100589,BlueDart,Metro,2026-02-03,2026-02-05,9900
TRK100590,BlueDart,Metro,2026-01-25,2026-01-27,5842
TRK100591,EcomExpress,Metro,2026-01-17,2026-01-19,7851
TRK100592,Delhivery,Metro,2026-01-22,2026-01-24,7138
TRK100593,BlueDart,Tier 2,2026-01-06,2026-01-10,7070
TRK100594,BlueDart,Metro,24/02/2026,2026-02-28,3749
TRK100595,Delhivery,Tier 3,2026-01-06,12/01/2026,9610
TRK100596,BlueDart,Tier 3,2026-02-16,2026-02-22,8095
TRK100597,EcomExpress,Tier 2,2026-01-04,2026-01-08,6794
TRK100598,EcomExpress,Metro,2026-01-25,2026-01-27,7027
TRK100599,EcomExpress,Tier 3,2026-02-08,2026-02-14,6257
TRK100600,BlueDart,Metro,2026-01-03,05/01/2026,2469
TRK100601,BlueDart,Tier 3,2026-01-13,2026-01-19,11485
TRK100602,BlueDart,Tier 3,2026-02-18,24/02/2026,1391
TRK100603,BlueDart,Tier 3,2026-02-16,2026-02-22,4970
TRK100604,EcomExpress,Tier 2,05/02/2026,2026-02-09,7675
TRK100605,Delhivery,Tier 3,2026-01-31,2026-02-06,10725
TRK100606,EcomExpress,Metro,2026-02-25,2026-02-27,10056
TRK100607,BlueDart,Tier 2,2026-01-20,2026-01-24,8820
TRK100608,EcomExpress,Tier 2,2026-01-14,2026-01-18,9706
TRK100609,Delhivery,Tier 3,2026-02-17,2026-02-23,10491
TRK100610,EcomExpress,Tier 2,2026-02-17,2026-02-21,7312
TRK100611,Delhivery,Tier 3,2026-01-31,07/02/2026,8019
TRK100612,BlueDart,Metro,2026-02-14,16/02/2026,5112
TRK100613,EcomExpress,Tier 2,2026-02-15,2026-02-19,10210
TRK100614,EcomExpress,Tier 3,2026-01-26,2026-02-03,1698
TRK100615,EcomExpress,Tier 2,2026-02-05,2026-02-12,5738
TRK100616,EcomExpress,Tier 2,19/02/2026,2026-02-23,11166
TRK100617,BlueDart,Metro,2026-01-25,2026-01-27,6589
TRK100618,Delhivery,Tier 3,2026-02-04,2026-02-11,6757
TRK100619,Delhivery,Tier 3,2026-01-23,2026-01-30,8205
TRK100620,EcomExpress,Metro,2026-01-17,2026-01-19,4219
TRK100621,BlueDart,Metro,2026-02-02,2026-02-04,802
TRK100622,Delhivery,Tier 3,30/01/2026,2026-02-05,1486
TRK100623,Delhivery,Tier 2,2026-02-21,2026-02-25,10555
TRK100624,Delhivery,Metro,2026-01-31,2026-02-02,4940
TRK100625,Delhivery,Metro,2026-02-23,25/02/2026,5409
TRK100626,Delhivery,Tier 2,2026-02-28,04/03/2026,3572
TRK100627,Delhivery,Tier 3,2026-01-24,,3624
TRK100628,BlueDart,Tier 2,2026-01-27,2026-01-31,10019
TRK100629,EcomExpress,Metro,2026-02-06,2026-02-08,11100
TRK100630,Delhivery,Tier 2,17/02/2026,2026-02-22,8625
TRK100631,BlueDart,Tier 3,2026-01-02,2026-01-10,3791
TRK100632,BlueDart,Metro,05/02/2026,2026-02-07,4533
TRK100633,EcomExpress,Tier 2,2026-02-07,2026-02-11,5605
TRK100634,EcomExpress,Tier 3,2026-01-27,,1203
TRK100635,Delhivery,Tier 3,10/01/2026,,8633
TRK100636,EcomExpress,Tier 3,2026-01-22,2026-01-28,1074
TRK100637,EcomExpress,Tier 3,2026-01-25,2026-01-31,6204
TRK100638,BlueDart,Tier 3,2026-02-23,2026-03-01,11924
TRK100639,BlueDart,Tier 3,2026-02-01,2026-02-07,8348
TRK100640,BlueDart,Metro,2026-02-11,2026-02-13,5708
TRK100641,Delhivery,Tier 3,2026-01-22,2026-01-28,7424
TRK100642,Delhivery,Tier 3,18/02/2026,2026-02-24,11324
TRK100643,EcomExpress,Tier 3,2026-02-16,22/02/2026,4328
TRK100644,EcomExpress,Tier 2,2026-02-17,21/02/2026,3730
TRK100645,Delhivery,Metro,2026-01-30,03/02/2026,988
TRK100646,Delhivery,Metro,2026-02-16,2026-02-18,7614
TRK100647,BlueDart,Tier 2,2026-01-23,2026-01-27,10039
TRK100648,Delhivery,Tier 3,09/01/2026,2026-01-16,3673
TRK100649,Delhivery,Tier 2,2026-02-04,2026-02-08,2167
TRK100650,EcomExpress,Tier 2,12/01/2026,2026-01-16,10329
TRK100651,EcomExpress,Tier 2,2026-02-11,2026-02-15,4614
TRK100652,BlueDart,Metro,2026-02-03,2026-02-05,4053
TRK100653,Delhivery,Metro,2026-02-23,26/02/2026,8261
TRK100654,EcomExpress,Metro,2026-03-02,2026-03-04,1500
TRK100655,Delhivery,Tier 3,2026-01-04,2026-01-10,9542
TRK100656,Delhivery,Tier 3,2026-01-01,,1888
TRK100657,BlueDart,Tier 2,2026-01-09,2026-01-13,5950
TRK100658,Delhivery,Metro,2026-01-15,2026-01-17,4212
TRK100659,BlueDart,Metro,2026-02-15,17/02/2026,1867
TRK100660,EcomExpress,Tier 3,2026-01-01,2026-01-07,8689
TRK100661,EcomExpress,Tier 3,2026-02-02,2026-02-13,9513
TRK100662,EcomExpress,Metro,2026-01-24,2026-01-26,954
TRK100663,EcomExpress,Metro,2026-02-09,2026-02-11,10316
TRK100664,BlueDart,Tier 3,2026-02-12,2026-02-18,3272
TRK100665,BlueDart,Tier 3,2026-02-28,2026-03-06,4226
TRK100666,EcomExpress,Metro,2026-02-12,2026-02-14,7732
TRK100667,EcomExpress,Tier 2,2026-01-02,2026-01-06,11839
TRK100668,EcomExpress,Tier 2,04/02/2026,2026-02-08,5306
TRK100669,BlueDart,Tier 2,2026-01-27,2026-01-31,2690
TRK100670,EcomExpress,Tier 2,2026-01-02,2026-01-06,9608
TRK100671,BlueDart,Metro,16/02/2026,2026-02-20,3375
TRK100672,Delhivery,Tier 2,2026-02-04,2026-02-08,6092
TRK100673,EcomExpress,Tier 2,2026-01-02,2026-01-06,1940
TRK100674,BlueDart,Tier 3,2026-02-22,,9427
TRK100675,BlueDart,Tier 2,2026-02-13,2026-02-22,6559
TRK100676,BlueDart,Tier 3,2026-02-21,2026-02-27,7510
TRK100677,Delhivery,Tier 3,2026-01-07,13/01/2026,11707
TRK100678,EcomExpress,Metro,2026-02-03,2026-02-08,7617
TRK100679,BlueDart,Metro,2026-01-16,2026-01-20,11581
TRK100680,EcomExpress,Metro,2026-02-09,2026-02-12,9653
TRK100681,BlueDart,Metro,2026-01-17,2026-01-19,3489
TRK100682,EcomExpress,Tier 3,2026-01-18,2026-01-24,9718
TRK100683,Delhivery,Metro,26/01/2026,2026-01-28,6728
TRK100684,BlueDart,Tier 3,24/01/2026,02/02/2026,6971
TRK100685,BlueDart,Metro,2026-01-30,2026-02-01,3363
TRK100686,Delhivery,Tier 2,2026-01-16,2026-01-20,11193
TRK100687,EcomExpress,Tier 2,2026-01-15,2026-01-19,10639
TRK100688,BlueDart,Tier 3,2026-02-13,2026-02-20,1677
TRK100689,Delhivery,Tier 2,2026-02-11,2026-02-15,5260
TRK100690,BlueDart,Tier 2,2026-02-18,2026-02-22,511
TRK100691,BlueDart,Tier 3,2026-01-06,2026-01-12,5752
TRK100692,BlueDart,Tier 2,2026-01-25,2026-01-29,4899
TRK100693,EcomExpress,Tier 2,2026-02-05,2026-02-09,11714
TRK100694,Delhivery,Tier 2,2026-01-04,2026-01-08,11522
TRK100695,Delhivery,Metro,2026-01-01,2026-01-03,8734
TRK100696,Delhivery,Tier 3,2026-01-11,2026-01-17,9635
TRK100697,Delhivery,Metro,2026-02-01,03/02/2026,11082
TRK100698,BlueDart,Tier 2,2026-02-11,2026-02-15,5945
TRK100699,EcomExpress,Tier 2,2026-01-22,,11237
TRK100700,Delhivery,Metro,2026-02-24,2026-02-26,11103
TRK100701,EcomExpress,Tier 2,2026-02-27,2026-03-03,7070
TRK100702,Delhivery,Tier 3,2026-02-28,2026-03-06,9696
TRK100703,Delhivery,Tier 3,2026-01-15,2026-01-21,8712
TRK100704,BlueDart,Tier 3,2026-02-27,2026-03-05,906
TRK100705,BlueDart,Tier 2,26/02/2026,2026-03-07,9706
TRK100706,BlueDart,Tier 3,2026-01-31,2026-02-06,4931
TRK100707,EcomExpress,Tier 3,2026-01-03,2026-01-10,10530
TRK100708,BlueDart,Tier 2,13/02/2026,2026-02-17,11880
TRK100709,BlueDart,Metro,2026-02-27,01/03/2026,5743
TRK100710,Delhivery,Metro,2026-02-06,2026-02-09,7042
TRK100711,Delhivery,Tier 2,2026-01-03,2026-01-07,7436
TRK100712,BlueDart,Tier 3,01/03/2026,2026-03-07,9406
TRK100713,BlueDart,Metro,2026-01-02,2026-01-04,4646
TRK100714,EcomExpress,Metro,2026-02-07,2026-02-09,640
TRK100715,EcomExpress,Metro,2026-02-18,2026-02-23,5382
TRK100716,Delhivery,Tier 2,2026-02-22,2026-02-28,6512
TRK100717,EcomExpress,Metro,2026-03-01,2026-03-06,1463
TRK100718,BlueDart,Metro,2026-01-20,2026-01-22,7651
TRK100719,BlueDart,Tier 2,2026-02-06,2026-02-11,9064
TRK100720,Delhivery,Tier 2,2026-02-06,2026-02-13,11233
TRK100721,BlueDart,Tier 2,2026-02-13,2026-02-17,4110
TRK100722,BlueDart,Metro,2026-01-22,2026-01-24,10384
TRK100723,BlueDart,Metro,2026-02-18,2026-02-21,7394
TRK100724,BlueDart,Tier 2,2026-01-09,2026-01-13,7811
TRK100725,EcomExpress,Tier 3,2026-02-14,2026-02-22,605
TRK100726,EcomExpress,Tier 2,06/01/2026,2026-01-10,6039
TRK100727,EcomExpress,Metro,2026-02-17,20/02/2026,10373
TRK100728,EcomExpress,Metro,2026-01-04,2026-01-06,11328
TRK100729,EcomExpress,Tier 2,2026-01-28,2026-02-01,7287
TRK100730,Delhivery,Tier 3,2026-02-23,01/03/2026,2637
TRK100731,BlueDart,Tier 3,2026-01-22,2026-01-29,4945
TRK100732,Delhivery,Metro,2026-02-19,2026-02-21,4030
TRK100733,BlueDart,Tier 3,2026-02-08,2026-02-14,1786
TRK100734,BlueDart,Tier 3,19/02/2026,2026-02-25,11871
TRK100735,BlueDart,Tier 3,02/01/2026,10/01/2026,7552
TRK100736,Delhivery,Tier 2,2026-01-18,2026-01-22,4154
TRK100737,BlueDart,Metro,2026-01-29,01/02/2026,7602
TRK100738,BlueDart,Tier 2,2026-01-15,,2859
TRK100739,EcomExpress,Tier 3,2026-02-05,2026-02-11,8605
TRK100740,EcomExpress,Metro,2026-01-28,2026-01-30,9136
TRK100741,BlueDart,Tier 2,2026-02-13,2026-02-17,6941
TRK100742,EcomExpress,Metro,2026-02-12,2026-02-15,5547
TRK100743,Delhivery,Tier 2,06/01/2026,2026-01-10,8727
TRK100744,BlueDart,Metro,2026-02-09,2026-02-11,5703
TRK100745,Delhivery,Tier 2,2026-02-21,2026-02-27,10167
TRK100746,EcomExpress,Tier 3,2026-02-15,2026-02-21,2298
TRK100747,EcomExpress,Tier 2,2026-01-06,2026-01-10,10537
TRK100748,Delhivery,Tier 3,2026-01-10,2026-01-18,10100
TRK100749,BlueDart,Tier 2,2026-02-15,2026-02-19,5791
TRK100750,EcomExpress,Tier 3,2026-02-10,2026-02-16,5995
TRK100751,EcomExpress,Tier 3,2026-02-17,,10400
TRK100752,EcomExpress,Tier 2,2026-01-21,2026-01-25,11630
TRK100753,Delhivery,Tier 2,2026-01-07,2026-01-11,6784
TRK100754,Delhivery,Metro,2026-01-01,2026-01-03,7785
TRK100755,EcomExpress,Tier 2,2026-01-29,2026-02-03,1800
TRK100756,BlueDart,Metro,2026-02-18,2026-02-20,7369
TRK100757,Delhivery,Tier 2,07/01/2026,2026-01-11,9935
TRK100758,BlueDart,Metro,2026-01-06,2026-01-10,3597
TRK100759,Delhivery,Tier 3,2026-01-28,2026-02-04,5116
TRK100760,Delhivery,Tier 2,2026-02-05,2026-02-09,509
TRK100761,BlueDart,Tier 3,2026-02-02,08/02/2026,11117
TRK100762,BlueDart,Tier 2,2026-01-07,11/01/2026,6252
TRK100763,BlueDart,Metro,2026-01-06,2026-01-09,10352
TRK100764,Delhivery,Tier 2,2026-02-05,2026-02-09,11323
TRK100765,BlueDart,Metro,2026-02-08,2026-02-10,6795
TRK100766,BlueDart,Metro,2026-02-20,2026-02-23,5315
TRK100767,BlueDart,Tier 2,2026-02-25,2026-03-03,1572
TRK100768,BlueDart,Tier 3,2026-01-01,2026-01-07,3725
TRK100769,BlueDart,Tier 2,2026-01-27,2026-02-02,1816
TRK100770,BlueDart,Tier 3,2026-02-19,2026-02-25,6199
TRK100771,BlueDart,Metro,2026-02-16,2026-02-20,7307
TRK100772,Delhivery,Tier 2,27/02/2026,2026-03-03,7174
TRK100773,BlueDart,Tier 2,06/02/2026,2026-02-10,4183
TRK100774,Delhivery,Tier 3,2026-01-11,2026-01-18,7727
TRK100775,EcomExpress,Tier 2,2026-01-25,2026-01-29,3773
TRK100776,EcomExpress,Metro,2026-01-09,2026-01-11,7500
TRK100777,Delhivery,Tier 2,2026-01-20,2026-01-25,645
TRK100778,BlueDart,Metro,2026-02-01,04/02/2026,5510
TRK100779,Delhivery,Metro,2026-01-05,2026-01-07,3540
TRK100780,EcomExpress,Tier 3,28/01/2026,2026-02-03,10154
TRK100781,Delhivery,Tier 3,2026-01-27,2026-02-02,10276
TRK100782,EcomExpress,Metro,2026-01-31,2026-02-02,982
TRK100783,Delhivery,Tier 3,2026-01-05,2026-01-11,3679
TRK100784,Delhivery,Tier 3,2026-01-17,,1749
TRK100785,Delhivery,Metro,2026-02-16,20/02/2026,1130
TRK100786,Delhivery,Tier 2,2026-02-01,2026-02-05,9353
TRK100787,Delhivery,Tier 2,2026-02-09,2026-02-13,3352
TRK100788,EcomExpress,Tier 3,2026-01-30,2026-02-05,11158
TRK100789,Delhivery,Tier 3,2026-01-09,2026-01-18,1487
TRK100790,Delhivery,Metro,2026-01-01,2026-01-03,8122
TRK100791,Delhivery,Metro,2026-01-22,2026-01-24,7827
TRK100792,BlueDart,Metro,2026-01-25,2026-01-27,10238
TRK100793,EcomExpress,Metro,25/02/2026,2026-02-27,9341
TRK100794,Delhivery,Tier 2,2026-01-29,,9660
TRK100795,EcomExpress,Metro,2026-01-28,2026-02-01,11329
TRK100796,Delhivery,Metro,2026-02-08,2026-02-13,1600
TRK100797,BlueDart,Tier 3,2026-01-20,2026-01-26,7152
TRK100798,EcomExpress,Metro,2026-02-08,2026-02-10,9132
TRK100799,BlueDart,Tier 3,13/01/2026,2026-01-22,7921
TRK100800,BlueDart,Metro,2026-01-21,24/01/2026,5516
TRK100801,Delhivery,Metro,26/01/2026,2026-01-28,1269
TRK100802,EcomExpress,Tier 3,2026-01-19,2026-01-25,1843
TRK100803,EcomExpress,Tier 2,2026-02-14,2026-02-18,4858
TRK100804,EcomExpress,Tier 2,2026-02-01,2026-02-05,10269
TRK100805,EcomExpress,Tier 3,2026-02-20,27/02/2026,7280
TRK100806,Delhivery,Tier 3,2026-01-21,2026-01-30,7102
TRK100807,Delhivery,Tier 2,2026-01-18,25/01/2026,2849
TRK100808,BlueDart,Tier 3,2026-01-26,01/02/2026,6199
TRK100809,Delhivery,Tier 3,2026-01-08,2026-01-14,1741
TRK100810,EcomExpress,Tier 3,2026-01-13,2026-01-24,1625
TRK100811,Delhivery,Tier 3,2026-02-04,12/02/2026,11293
TRK100812,BlueDart,Tier 3,2026-02-13,2026-02-19,9882
TRK100813,EcomExpress,Tier 2,2026-02-05,2026-02-12,7264
TRK100814,EcomExpress,Tier 3,02/03/2026,10/03/2026,5601
TRK100815,BlueDart,Tier 2,2026-01-30,2026-02-03,8343
TRK100816,BlueDart,Metro,2026-01-14,2026-01-16,572
TRK100817,EcomExpress,Tier 2,2026-02-21,2026-02-25,5972
TRK100818,Delhivery,Metro,2026-02-23,2026-02-25,10606
TRK100819,Delhivery,Tier 2,2026-01-05,2026-01-09,5689
TRK100820,EcomExpress,Tier 2,2026-02-20,2026-02-25,2972
TRK100821,EcomExpress,Tier 3,13/02/2026,2026-02-19,11738
TRK100822,EcomExpress,Tier 2,2026-01-09,2026-01-13,1207
TRK100823,Delhivery,Tier 2,2026-01-20,24/01/2026,2304
TRK100824,Delhivery,Tier 3,2026-01-17,2026-01-23,7204
TRK100825,EcomExpress,Metro,2026-01-10,14/01/2026,4213
TRK100826,BlueDart,Tier 2,2026-01-28,2026-02-01,5551
TRK100827,EcomExpress,Tier 3,25/01/2026,2026-01-31,11256
TRK100828,EcomExpress,Metro,2026-01-29,2026-02-01,2975
TRK100829,Delhivery,Tier 2,2026-01-31,2026-02-04,4110
TRK100830,EcomExpress,Tier 2,26/01/2026,2026-01-30,4755
TRK100831,Delhivery,Tier 2,2026-02-02,2026-02-06,11515
TRK100832,BlueDart,Metro,2026-01-27,2026-01-29,7897
TRK100833,EcomExpress,Metro,2026-01-03,2026-01-05,2235
TRK100834,BlueDart,Tier 2,2026-01-24,2026-01-28,10277
TRK100835,EcomExpress,Tier 2,2026-02-27,2026-03-03,8758
TRK100836,BlueDart,Metro,2026-02-04,2026-02-08,11753
TRK100837,Delhivery,Tier 3,2026-02-10,2026-02-16,8479
TRK100838,EcomExpress,Metro,2026-01-07,,2928
TRK100839,EcomExpress,Tier 3,16/01/2026,2026-01-22,7926
TRK100840,BlueDart,Tier 3,2026-02-12,2026-02-18,9033
TRK100841,Delhivery,Tier 3,2026-01-11,2026-01-17,5749
TRK100842,BlueDart,Tier 2,2026-02-09,2026-02-13,11466
TRK100843,BlueDart,Tier 2,2026-02-06,2026-02-13,5791
TRK100844,Delhivery,Tier 3,2026-02-13,2026-02-19,3317
TRK100845,BlueDart,Tier 3,2026-01-26,2026-02-01,11353
TRK100846,BlueDart,Tier 3,2026-01-22,2026-01-28,9924
TRK100847,EcomExpress,Metro,2026-01-28,2026-02-04,4374
TRK100848,BlueDart,Tier 2,2026-01-01,2026-01-05,11093
TRK100849,EcomExpress,Tier 3,2026-01-17,2026-01-23,10186
TRK100850,Delhivery,Tier 3,2026-02-02,2026-02-08,4711
TRK100851,BlueDart,Metro,2026-02-03,06/02/2026,1161
TRK100852,Delhivery,Tier 2,2026-02-07,2026-02-11,10560
TRK100853,EcomExpress,Tier 3,2026-02-06,2026-02-14,11026
TRK100854,EcomExpress,Tier 2,2026-01-29,2026-02-02,3874
TRK100855,EcomExpress,Tier 3,2026-01-26,,9708
TRK100856,BlueDart,Metro,2026-02-19,21/02/2026,707
TRK100857,EcomExpress,Metro,2026-02-07,2026-02-09,3165
TRK100858,EcomExpress,Tier 2,2026-02-02,2026-02-06,2993
TRK100859,BlueDart,Metro,2026-01-23,2026-01-25,7313
TRK100860,BlueDart,Tier 2,31/01/2026,05/02/2026,1132
TRK100861,BlueDart,Tier 3,2026-01-19,2026-01-25,10794
TRK100862,EcomExpress,Metro,2026-02-28,2026-03-02,11651
TRK100863,EcomExpress,Tier 3,2026-01-08,2026-01-14,3583
TRK100864,BlueDart,Tier 3,2026-01-10,16/01/2026,10623
TRK100865,BlueDart,Metro,2026-01-20,2026-01-22,4219
TRK100866,Delhivery,Metro,30/01/2026,2026-02-01,7623
TRK100867,Delhivery,Metro,2026-01-14,2026-01-16,11254
TRK100868,BlueDart,Tier 3,2026-01-31,2026-02-08,2179
TRK100869,BlueDart,Tier 2,2026-01-31,2026-02-07,736
TRK100870,Delhivery,Tier 2,29/01/2026,2026-02-02,7946
TRK100871,BlueDart,Tier 3,2026-02-14,2026-02-20,4943
TRK100872,EcomExpress,Tier 3,2026-01-21,2026-01-27,7270
TRK100873,EcomExpress,Tier 3,2026-01-20,2026-01-26,10232
TRK100874,EcomExpress,Metro,21/02/2026,2026-02-23,6599
TRK100875,BlueDart,Tier 2,2026-01-08,2026-01-12,9055
TRK100876,BlueDart,Tier 2,2026-02-24,2026-03-01,2868
TRK100877,Delhivery,Tier 2,2026-02-11,,785
TRK100878,BlueDart,Tier 2,2026-02-13,2026-02-17,648
TRK100879,BlueDart,Tier 2,2026-01-11,2026-01-15,4537
TRK100880,Delhivery,Tier 2,2026-01-16,2026-01-20,7049
TRK100881,BlueDart,Tier 3,2026-01-12,2026-01-18,7621
TRK100882,Delhivery,Tier 3,2026-01-11,2026-01-17,10458
TRK100883,BlueDart,Metro,2026-02-05,2026-02-07,5395
TRK100884,BlueDart,Tier 3,2026-01-30,2026-02-06,5780
TRK100885,BlueDart,Tier 3,2026-02-21,2026-02-27,1512
TRK100886,BlueDart,Tier 2,2026-02-10,2026-02-14,11523
TRK100887,EcomExpress,Metro,2026-01-12,2026-01-14,11199
TRK100888,EcomExpress,Tier 2,12/02/2026,2026-02-16,10215
TRK100889,BlueDart,Metro,2026-01-26,2026-01-28,3285
TRK100890,EcomExpress,Tier 3,17/02/2026,2026-02-24,11248
TRK100891,Delhivery,Tier 3,2026-02-26,2026-03-06,4225
TRK100892,EcomExpress,Tier 2,29/01/2026,04/02/2026,5076
TRK100893,Delhivery,Tier 2,28/01/2026,01/02/2026,6282
TRK100894,Delhivery,Tier 2,01/01/2026,2026-01-05,6757
TRK100895,Delhivery,Tier 3,2026-01-14,2026-01-20,10293
TRK100896,EcomExpress,Tier 3,2026-01-18,24/01/2026,2908
TRK100897,BlueDart,Tier 3,2026-02-15,2026-02-23,840
TRK100898,BlueDart,Metro,2026-02-20,2026-02-22,3317
TRK100899,EcomExpress,Tier 2,2026-02-06,2026-02-10,2996
TRK100900,Delhivery,Metro,2026-02-21,2026-02-23,6462
TRK100901,EcomExpress,Tier 3,2026-01-12,2026-01-18,5799
TRK100902,BlueDart,Tier 3,21/01/2026,2026-01-27,10417
TRK100903,EcomExpress,Metro,2026-01-30,2026-02-01,8074
TRK100904,EcomExpress,Tier 2,2026-01-17,,2189
TRK100905,BlueDart,Tier 2,2026-02-25,2026-03-03,3767
TRK100906,BlueDart,Tier 3,2026-02-03,2026-02-10,4906
TRK100907,Delhivery,Tier 3,21/01/2026,2026-01-27,8953
TRK100908,Delhivery,Tier 3,2026-01-25,2026-01-31,1942
TRK100909,BlueDart,Tier 2,2026-01-26,2026-01-30,9097
TRK100910,Delhivery,Metro,2026-01-08,2026-01-10,10882
TRK100911,BlueDart,Tier 3,2026-01-23,2026-01-29,4937
TRK100912,EcomExpress,Tier 3,09/02/2026,15/02/2026,5935
TRK100913,Delhivery,Metro,22/02/2026,2026-02-24,8935
TRK100914,BlueDart,Tier 2,2026-02-15,19/02/2026,4607
TRK100915,EcomExpress,Tier 3,2026-01-20,2026-01-26,1060
TRK100916,EcomExpress,Tier 2,07/02/2026,2026-02-11,11417
TRK100917,BlueDart,Tier 3,2026-02-13,2026-02-22,9285
TRK100918,BlueDart,Tier 2,2026-01-21,2026-01-26,6048
TRK100919,EcomExpress,Metro,2026-01-16,2026-01-18,2326
TRK100920,EcomExpress,Tier 3,2026-01-08,16/01/2026,11921
TRK100921,BlueDart,Tier 3,2026-01-24,2026-01-30,11979
TRK100922,BlueDart,Tier 3,10/01/2026,2026-01-18,8129
TRK100923,EcomExpress,Tier 3,2026-01-25,2026-02-01,8825
TRK100924,EcomExpress,Tier 3,08/02/2026,2026-02-14,3638
TRK100925,BlueDart,Metro,2026-02-06,2026-02-08,8193
TRK100926,BlueDart,Tier 3,2026-01-28,03/02/2026,8764
TRK100927,EcomExpress,Tier 3,2026-02-01,2026-02-07,8342
TRK100928,BlueDart,Tier 2,2026-02-04,2026-02-08,7221
TRK100929,BlueDart,Tier 3,28/02/2026,2026-03-06,7502
TRK100930,BlueDart,Tier 2,2026-03-01,2026-03-05,4725
TRK100931,BlueDart,Metro,05/02/2026,2026-02-09,3478
TRK100932,Delhivery,Tier 2,2026-02-01,2026-02-10,7873
TRK100933,Delhivery,Tier 2,2026-01-09,2026-01-13,6407
TRK100934,EcomExpress,Metro,2026-01-21,2026-01-23,6597
TRK100935,Delhivery,Metro,2026-02-09,2026-02-11,6156
TRK100936,BlueDart,Tier 2,2026-02-25,01/03/2026,10677
TRK100937,Delhivery,Tier 2,2026-03-02,2026-03-08,9484
TRK100938,EcomExpress,Metro,2026-02-01,2026-02-03,4759
TRK100939,EcomExpress,Metro,13/01/2026,2026-01-15,8786
TRK100940,EcomExpress,Metro,2026-02-05,2026-02-07,6401
TRK100941,Delhivery,Metro,2026-02-11,2026-02-13,9825
TRK100942,Delhivery,Metro,2026-01-27,2026-01-29,5417
TRK100943,Delhivery,Tier 2,2026-02-01,2026-02-07,8929
TRK100944,EcomExpress,Metro,2026-02-15,2026-02-17,11638
TRK100945,BlueDart,Tier 3,2026-02-01,07/02/2026,3030
TRK100946,BlueDart,Tier 3,2026-01-06,2026-01-12,2460
TRK100947,EcomExpress,Tier 3,2026-01-02,2026-01-10,7545
TRK100948,EcomExpress,Tier 3,2026-02-18,2026-02-26,1548
TRK100949,EcomExpress,Metro,2026-01-19,2026-01-21,6272
TRK100571,EcomExpress,Tier 3,18/01/2026,24/01/2026,3029
TRK100782,BlueDart,Tier 2,2026-02-04,2026-02-08,3464
TRK100426,Delhivery,Tier 3,11/01/2026,17/01/2026,7637
TRK100620,Delhivery,Metro,2026-01-30,03/02/2026,1463
TRK100610,BlueDart,Tier 3,2026-02-17,2026-02-23,1036
TRK100809,Delhivery,Tier 2,2026-02-19,2026-02-23,7840
TRK100633,BlueDart,Metro,2026-02-05,2026-02-07,7679
TRK100231,Delhivery,Metro,2026-01-08,2026-01-10,8467
TRK100794,BlueDart,Metro,2026-01-08,10/01/2026,9234
TRK100535,Delhivery,Tier 3,2026-02-19,2026-02-26,1345
TRK100389,EcomExpress,Tier 3,2026-02-22,,6277
TRK100461,EcomExpress,Metro,2026-02-04,2026-02-06,3536
TRK100930,Delhivery,Tier 3,03/01/2026,2026-01-09,6447
TRK100453,BlueDart,Tier 2,2026-02-16,2026-02-20,2994
TRK100304,Delhivery,Metro,2026-02-04,2026-02-06,3219
TRK100880,Delhivery,Tier 2,2026-01-28,01/02/2026,2384
TRK100602,EcomExpress,Tier 2,17/02/2026,2026-02-22,4849
TRK100439,BlueDart,Tier 3,2026-02-18,2026-02-24,11893
TRK100312,EcomExpress,Tier 3,20/01/2026,2026-01-26,5679
TRK100582,Delhivery,Metro,2026-01-29,31/01/2026,11402
TRK100635,EcomExpress,Tier 2,23/01/2026,2026-01-27,7110
TRK100061,BlueDart,Tier 3,2026-01-29,2026-02-07,6930
TRK100624,Delhivery,Tier 2,2026-02-19,2026-02-24,7654
TRK100757,Delhivery,Tier 3,2026-01-16,2026-01-22,10645
TRK100101,EcomExpress,Tier 2,2026-02-21,2026-02-25,6988
TRK100781,BlueDart,Metro,2026-02-07,2026-02-09,5237
TRK100212,BlueDart,Tier 3,2026-01-23,2026-01-29,7025
TRK100640,BlueDart,Metro,2026-02-09,2026-02-11,4350
TRK100216,BlueDart,Tier 2,2026-01-28,2026-02-01,1189
TRK100270,BlueDart,Tier 2,2026-02-09,13/02/2026,10642
TRK100676,Delhivery,Metro,2026-02-20,2026-02-22,5675
TRK100083,Delhivery,Tier 2,2026-02-22,2026-02-27,9148
TRK100160,BlueDart,Tier 3,2026-02-21,2026-02-27,5578
TRK100245,BlueDart,Tier 3,06/02/2026,2026-02-12,10822
TRK100177,Delhivery,Tier 2,2026-02-04,2026-02-09,5948
TRK100565,Delhivery,Tier 2,2026-02-08,2026-02-12,1679
TRK100076,BlueDart,Tier 2,2026-01-11,2026-01-15,9574
TRK100160,BlueDart,Tier 2,2026-02-15,2026-02-19,6906
TRK100002,Delhivery,Tier 3,2026-01-19,2026-01-25,9091
TRK100418,EcomExpress,Tier 3,2026-01-18,2026-01-25,7407
TRK100461,EcomExpress,Tier 2,2026-02-27,,9300
TRK100705,EcomExpress,Metro,2026-02-22,2026-02-24,2138
TRK100608,Delhivery,Metro,09/01/2026,2026-01-11,6171
TRK100481,Delhivery,Tier 3,2026-02-20,26/02/2026,7428
TRK100298,Delhivery,Metro,2026-02-28,2026-03-02,10840
TRK100033,EcomExpress,Tier 2,2026-01-18,2026-01-22,1882
TRK100237,BlueDart,Metro,2026-01-09,2026-01-13,1903
TRK100295,Delhivery,Tier 3,2026-02-25,2026-03-03,9511
TRK100723,Delhivery,Tier 2,16/01/2026,23/01/2026,3792
TRK100289,Delhivery,Tier 2,2026-02-15,2026-02-19,9511
